"source_mod","reference_status","family_name_en","family_name_zh","family_name_string_id","runtime_clan_id","note"
"war_sails","extension_reference","Throsniring","特罗斯尼尔","arPWRpR2",,"Language-table key only; War Sails spclans object definition was not present in supplied files."
"war_sails","extension_reference","Visduring","维斯迪尔","bel6Oc5G",,"Language-table key only; War Sails spclans object definition was not present in supplied files."
"war_sails","extension_reference","Huldring","胡尔德","bZISStag",,"Language-table key only; War Sails spclans object definition was not present in supplied files."
"war_sails","extension_reference","Dvarroving","瓦罗弗","CUoDDhze",,"Language-table key only; War Sails spclans object definition was not present in supplied files."
"war_sails","extension_reference","Skylfing","许尔夫","FKBKOucq",,"Language-table key only; War Sails spclans object definition was not present in supplied files."
"war_sails","extension_reference","Gauting","盖于特","fYHxASS0",,"Language-table key only; War Sails spclans object definition was not present in supplied files."
"war_sails","extension_reference","Orthling","奥特尔","gxNSsA2K",,"Language-table key only; War Sails spclans object definition was not present in supplied files."
"war_sails","extension_reference",,"海盗","H9MSGaRu",,"Chinese language-table key only; English counterpart and War Sails spclans object definition were not present in supplied files."
"war_sails","extension_reference","Rungniring","伦格尼尔","MK1p3KPZ",,"Language-table key only; War Sails spclans object definition was not present in supplied files."
"war_sails","extension_reference","Kjolding","肖尔德","vYyqedpf",,"Language-table key only; War Sails spclans object definition was not present in supplied files."
