"person_name_zh","person_code","family_name_zh","family_code","family_code_type","family_group_code","family_name_string_id","war_sails_name_string_id","war_sails_family_status","mapping_status"
"“饿人”沃尔比约恩","dead_lord_7_1",,"clan_nord_1","runtime_clan_id_war_sails_heroes_xml","lord_7_1",,"BA605r19","not_available","war_sails_runtime_exact"
"伊丽卡","dead_lord_7_2",,"clan_nord_1","runtime_clan_id_war_sails_heroes_xml","lord_7_2",,"GLDbrLoH","not_available","war_sails_runtime_exact"
"哈尔达尔","lord_7_1","许尔夫","clan_nord_1","runtime_clan_id_war_sails_heroes_xml","lord_7_1","FKBKOucq","mXtXNspg","contextual_candidate","war_sails_runtime_exact"
"姆亚尔里克","lord_7_1_1",,"clan_nord_1","runtime_clan_id_war_sails_heroes_xml","lord_7_1",,"b9pW9P9W","not_available","war_sails_runtime_exact"
"西敦里克","lord_7_1_2",,"clan_nord_1","runtime_clan_id_war_sails_heroes_xml","lord_7_1",,"soGMWeHU","not_available","war_sails_runtime_exact"
"提尔西夫","lord_7_1_3",,"clan_nord_1","runtime_clan_id_war_sails_heroes_xml","lord_7_1",,,"not_available","war_sails_runtime_exact"
"奥尔维","lord_7_13",,"clan_nord_1","runtime_clan_id_war_sails_heroes_xml","lord_7_13",,"2yt38osY","not_available","war_sails_runtime_exact"
"贡亚德里","lord_7_13_1",,"clan_nord_1","runtime_clan_id_war_sails_heroes_xml","lord_7_13",,"abfuHxOs","not_available","war_sails_runtime_exact"
"伊芬亚","lord_7_13_2",,"clan_nord_1","runtime_clan_id_war_sails_heroes_xml","lord_7_13",,"jrf0UWHv","not_available","war_sails_runtime_exact"
"瓦尔米阿","lord_7_13_4",,"clan_nord_1","runtime_clan_id_war_sails_heroes_xml","lord_7_13",,"mwFbN6H6","not_available","war_sails_runtime_exact"
"格恩莱于提","lord_7_14",,"clan_nord_4","runtime_clan_id_war_sails_heroes_xml","lord_7_14",,"J5KgNrto","not_available","war_sails_runtime_exact"
"于叙夫","lord_7_14_1",,"clan_nord_4","runtime_clan_id_war_sails_heroes_xml","lord_7_14",,"sday8nvl","not_available","war_sails_runtime_exact"
"阿尔里卡","lord_7_14_2",,"clan_nord_4","runtime_clan_id_war_sails_heroes_xml","lord_7_14",,"vNDpJ2kw","not_available","war_sails_runtime_exact"
"温约特","lord_7_15",,"clan_nord_7","runtime_clan_id_war_sails_heroes_xml","lord_7_15",,"iSkRKcJl","not_available","war_sails_runtime_exact"
"托夫沙","lord_7_15_1",,"clan_nord_7","runtime_clan_id_war_sails_heroes_xml","lord_7_15",,"c1iJYS9E","not_available","war_sails_runtime_exact"
"于德林娅","lord_7_15_2",,"clan_nord_7","runtime_clan_id_war_sails_heroes_xml","lord_7_15",,"33bHPbav","not_available","war_sails_runtime_exact"
"奥托盖","lord_7_15_4",,"clan_nord_7","runtime_clan_id_war_sails_heroes_xml","lord_7_15",,"7bGRPCZi","not_available","war_sails_runtime_exact"
"莉莲","lord_7_15_5",,"clan_nord_7","runtime_clan_id_war_sails_heroes_xml","lord_7_15",,"kojLBSum","not_available","war_sails_runtime_exact"
"凯于塔斯","lord_7_16",,"clan_nord_4","runtime_clan_id_war_sails_heroes_xml","lord_7_16",,"1Alpz1mR","not_available","war_sails_runtime_exact"
"阿尔莎","lord_7_16_1",,"clan_nord_4","runtime_clan_id_war_sails_heroes_xml","lord_7_16",,"eyqaT2Sn","not_available","war_sails_runtime_exact"
"赫尔盖","lord_7_17",,"clan_nord_5","runtime_clan_id_war_sails_heroes_xml","lord_7_17",,"j5MT4gUM","not_available","war_sails_runtime_exact"
"斯卡恰","lord_7_17_1",,"clan_nord_5","runtime_clan_id_war_sails_heroes_xml","lord_7_17",,"oAh569DX","not_available","war_sails_runtime_exact"
"加夫尼尔","lord_7_18",,"clan_nord_6","runtime_clan_id_war_sails_heroes_xml","lord_7_18",,"0Adm7TeO","not_available","war_sails_runtime_exact"
"维塔叙拉","lord_7_18_1",,"clan_nord_6","runtime_clan_id_war_sails_heroes_xml","lord_7_18",,"bcbvVlaM","not_available","war_sails_runtime_exact"
"弥林","lord_7_19",,"clan_nord_7","runtime_clan_id_war_sails_heroes_xml","lord_7_19",,"boFlTtyJ","not_available","war_sails_runtime_exact"
"雅明娅","lord_7_2",,"clan_nord_1","runtime_clan_id_war_sails_heroes_xml","lord_7_2",,"sfrs2VST","not_available","war_sails_runtime_exact"
"托韦里克","lord_7_20",,"clan_nord_8","runtime_clan_id_war_sails_heroes_xml","lord_7_20",,"bu3FcTZv","not_available","war_sails_runtime_exact"
"瓦娜","lord_7_20_1",,"clan_nord_8","runtime_clan_id_war_sails_heroes_xml","lord_7_20",,"3XCiPBLk","not_available","war_sails_runtime_exact"
"斯沃尼","lord_7_21",,"clan_nord_4","runtime_clan_id_war_sails_heroes_xml","lord_7_21",,"6Kc65gnH","not_available","war_sails_runtime_exact"
"比约拉布隆姆","lord_7_21_1",,"clan_nord_4","runtime_clan_id_war_sails_heroes_xml","lord_7_21",,"ua3O1sqi","not_available","war_sails_runtime_exact"
"比约伊尔","lord_7_22",,"clan_nord_5","runtime_clan_id_war_sails_heroes_xml","lord_7_22",,"mFuRer2G","not_available","war_sails_runtime_exact"
"赫拉尔萨","lord_7_22_1",,"clan_nord_5","runtime_clan_id_war_sails_heroes_xml","lord_7_22",,"bCgNK0RF","not_available","war_sails_runtime_exact"
"卡尔莱克","lord_7_23",,"clan_nord_6","runtime_clan_id_war_sails_heroes_xml","lord_7_23",,"wvcuOHCa","not_available","war_sails_runtime_exact"
"厄尔维林亚","lord_7_23_1",,"clan_nord_6","runtime_clan_id_war_sails_heroes_xml","lord_7_23",,"IwDY5a1I","not_available","war_sails_runtime_exact"
"奥尔薇拉","lord_7_23_2",,"clan_nord_6","runtime_clan_id_war_sails_heroes_xml","lord_7_23",,"KQ3Jl82E","not_available","war_sails_runtime_exact"
"伊格瓦尔","lord_7_24",,"clan_nord_5","runtime_clan_id_war_sails_heroes_xml","lord_7_24",,"SyAcaoYh","not_available","war_sails_runtime_exact"
"维斯特伦","lord_7_24_1",,"clan_nord_5","runtime_clan_id_war_sails_heroes_xml","lord_7_24",,"2mlYNDoT","not_available","war_sails_runtime_exact"
"达格维","lord_7_25",,"clan_nord_9","runtime_clan_id_war_sails_heroes_xml","lord_7_25",,"Pkm5gsX0","not_available","war_sails_runtime_exact"
"德里瓦娜","lord_7_25_1",,"clan_nord_9","runtime_clan_id_war_sails_heroes_xml","lord_7_25",,"kiFHfVpB","not_available","war_sails_runtime_exact"
"奥特法","lord_7_26",,"clan_nord_9","runtime_clan_id_war_sails_heroes_xml","lord_7_26",,"h7O4j2gF","not_available","war_sails_runtime_exact"
"安勒","lord_7_27",,"clan_nord_9","runtime_clan_id_war_sails_heroes_xml","lord_7_27",,"ndmUHHxN","not_available","war_sails_runtime_exact"
"特里文","lord_7_28",,"clan_nord_9","runtime_clan_id_war_sails_heroes_xml","lord_7_28",,"K6slCnTc","not_available","war_sails_runtime_exact"
"圭卡","lord_7_3","肖尔德","clan_nord_2","runtime_clan_id_war_sails_heroes_xml","lord_7_3","vYyqedpf","5JO7SHD5","direct_biography_reference","war_sails_runtime_exact"
"盖于特加","lord_7_3_1",,"clan_nord_2","runtime_clan_id_war_sails_heroes_xml","lord_7_3",,"z0YNlEJl","not_available","war_sails_runtime_exact"
"伊里德伦","lord_7_3_2",,"clan_nord_2","runtime_clan_id_war_sails_heroes_xml","lord_7_3",,"w7GJ8i1D","not_available","war_sails_runtime_exact"
"海姆希尔","lord_7_3_3",,"clan_nord_2","runtime_clan_id_war_sails_heroes_xml","lord_7_3",,"Klyk4sd5","not_available","war_sails_runtime_exact"
"阿格林娅","lord_7_4",,"clan_nord_2","runtime_clan_id_war_sails_heroes_xml","lord_7_4",,"h8IIiZMW","not_available","war_sails_runtime_exact"
"迪法","lord_7_4_1",,"clan_nord_2","runtime_clan_id_war_sails_heroes_xml","lord_7_4",,,"not_available","war_sails_runtime_exact"
"阿丝葛莎","lord_7_5","奥特尔","clan_nord_3","runtime_clan_id_war_sails_heroes_xml","lord_7_5","gxNSsA2K",,"direct_biography_reference","war_sails_runtime_exact"
"谢翁","lord_7_5_1",,"clan_nord_3","runtime_clan_id_war_sails_heroes_xml","lord_7_5",,"IvNVLWem","not_available","war_sails_runtime_exact"
"埃尔菲亚","lord_7_5_2",,"clan_nord_3","runtime_clan_id_war_sails_heroes_xml","lord_7_5",,"XNNngM7Z","not_available","war_sails_runtime_exact"
"恩亚斯尼","lord_7_5_3",,"clan_nord_3","runtime_clan_id_war_sails_heroes_xml","lord_7_5",,"8vMGPtuR","not_available","war_sails_runtime_exact"
"维蒂尔","lord_7_6",,"clan_nord_3","runtime_clan_id_war_sails_heroes_xml","lord_7_6",,"lvqxpSFS","not_available","war_sails_runtime_exact"
