"hero_id","display_name_from_filename","current_game_status","war_sails_reference_status","matching_reference_count","matching_categories","matching_string_ids","warning"
"dead_lord_7_1","“饿人”沃尔比约恩","missing_native_hero","war_sails_reference_candidate","5","heroes,kingdoms,naval_lords","Bule74H4,OAvlqAql,wKMRsw16,m6ZgnpN9,BA605r19","Reference hit does not prove HeroId, ClanId or KingdomId relation."
"dead_lord_7_2","伊丽卡","missing_native_hero","war_sails_reference_candidate","2","heroes,naval_lords","OAvlqAql,GLDbrLoH","Reference hit does not prove HeroId, ClanId or KingdomId relation."
"lord_7_1","哈尔达尔","missing_native_hero","war_sails_reference_candidate","5","heroes,naval_lords","82aSnTOv,Bule74H4,GPf0avBi,OAvlqAql,mXtXNspg","Reference hit does not prove HeroId, ClanId or KingdomId relation."
"lord_7_1_1","姆亚尔里克","missing_native_hero","war_sails_name_or_description_hit_only","1","naval_lords","b9pW9P9W","Reference hit does not prove HeroId, ClanId or KingdomId relation."
"lord_7_1_2","西敦里克","missing_native_hero","war_sails_name_or_description_hit_only","1","naval_lords","soGMWeHU","Reference hit does not prove HeroId, ClanId or KingdomId relation."
"lord_7_1_3","提尔西夫","missing_native_hero","needs_manual_review","0","","","Reference hit does not prove HeroId, ClanId or KingdomId relation."
"lord_7_13","奥尔维","missing_native_hero","war_sails_name_or_description_hit_only","1","naval_lords","2yt38osY","Reference hit does not prove HeroId, ClanId or KingdomId relation."
"lord_7_13_1","贡亚德里","missing_native_hero","war_sails_name_or_description_hit_only","1","naval_lords","abfuHxOs","Reference hit does not prove HeroId, ClanId or KingdomId relation."
"lord_7_13_2","伊芬亚","missing_native_hero","war_sails_name_or_description_hit_only","1","naval_lords","jrf0UWHv","Reference hit does not prove HeroId, ClanId or KingdomId relation."
"lord_7_13_4","瓦尔米阿","missing_native_hero","war_sails_name_or_description_hit_only","1","naval_lords","mwFbN6H6","Reference hit does not prove HeroId, ClanId or KingdomId relation."
"lord_7_14","格恩莱于提","missing_native_hero","war_sails_name_or_description_hit_only","1","naval_lords","J5KgNrto","Reference hit does not prove HeroId, ClanId or KingdomId relation."
"lord_7_14_1","于叙夫","missing_native_hero","war_sails_name_or_description_hit_only","1","naval_lords","sday8nvl","Reference hit does not prove HeroId, ClanId or KingdomId relation."
"lord_7_14_2","阿尔里卡","missing_native_hero","war_sails_name_or_description_hit_only","1","naval_lords","vNDpJ2kw","Reference hit does not prove HeroId, ClanId or KingdomId relation."
"lord_7_15","温约特","missing_native_hero","war_sails_name_or_description_hit_only","1","naval_lords","iSkRKcJl","Reference hit does not prove HeroId, ClanId or KingdomId relation."
"lord_7_15_1","托夫沙","missing_native_hero","war_sails_name_or_description_hit_only","1","naval_lords","c1iJYS9E","Reference hit does not prove HeroId, ClanId or KingdomId relation."
"lord_7_15_2","于德林娅","missing_native_hero","war_sails_name_or_description_hit_only","1","naval_lords","33bHPbav","Reference hit does not prove HeroId, ClanId or KingdomId relation."
"lord_7_15_4","奥托盖","missing_native_hero","war_sails_name_or_description_hit_only","1","naval_lords","7bGRPCZi","Reference hit does not prove HeroId, ClanId or KingdomId relation."
"lord_7_15_5","莉莲","missing_native_hero","war_sails_name_or_description_hit_only","1","naval_lords","kojLBSum","Reference hit does not prove HeroId, ClanId or KingdomId relation."
"lord_7_16","凯于塔斯","missing_native_hero","war_sails_name_or_description_hit_only","1","naval_lords","1Alpz1mR","Reference hit does not prove HeroId, ClanId or KingdomId relation."
"lord_7_16_1","阿尔莎","missing_native_hero","war_sails_name_or_description_hit_only","1","naval_lords","eyqaT2Sn","Reference hit does not prove HeroId, ClanId or KingdomId relation."
"lord_7_17","赫尔盖","missing_native_hero","war_sails_name_or_description_hit_only","1","naval_lords","j5MT4gUM","Reference hit does not prove HeroId, ClanId or KingdomId relation."
"lord_7_17_1","斯卡恰","missing_native_hero","war_sails_name_or_description_hit_only","1","naval_lords","oAh569DX","Reference hit does not prove HeroId, ClanId or KingdomId relation."
"lord_7_18","加夫尼尔","missing_native_hero","war_sails_name_or_description_hit_only","1","naval_lords","0Adm7TeO","Reference hit does not prove HeroId, ClanId or KingdomId relation."
"lord_7_18_1","维塔叙拉","missing_native_hero","war_sails_name_or_description_hit_only","1","naval_lords","bcbvVlaM","Reference hit does not prove HeroId, ClanId or KingdomId relation."
"lord_7_19","弥林","missing_native_hero","war_sails_name_or_description_hit_only","1","naval_lords","boFlTtyJ","Reference hit does not prove HeroId, ClanId or KingdomId relation."
"lord_7_2","雅明娅","missing_native_hero","war_sails_name_or_description_hit_only","1","naval_lords","sfrs2VST","Reference hit does not prove HeroId, ClanId or KingdomId relation."
"lord_7_20","托韦里克","missing_native_hero","war_sails_name_or_description_hit_only","1","naval_lords","bu3FcTZv","Reference hit does not prove HeroId, ClanId or KingdomId relation."
"lord_7_20_1","瓦娜","missing_native_hero","war_sails_name_or_description_hit_only","2","naval_lords","3XCiPBLk,kiFHfVpB","Reference hit does not prove HeroId, ClanId or KingdomId relation."
"lord_7_21","斯沃尼","missing_native_hero","war_sails_name_or_description_hit_only","1","naval_lords","6Kc65gnH","Reference hit does not prove HeroId, ClanId or KingdomId relation."
"lord_7_21_1","比约拉布隆姆","missing_native_hero","war_sails_name_or_description_hit_only","1","naval_lords","ua3O1sqi","Reference hit does not prove HeroId, ClanId or KingdomId relation."
"lord_7_22","比约伊尔","missing_native_hero","war_sails_name_or_description_hit_only","1","naval_lords","mFuRer2G","Reference hit does not prove HeroId, ClanId or KingdomId relation."
"lord_7_22_1","赫拉尔萨","missing_native_hero","war_sails_name_or_description_hit_only","1","naval_lords","bCgNK0RF","Reference hit does not prove HeroId, ClanId or KingdomId relation."
"lord_7_23","卡尔莱克","missing_native_hero","war_sails_name_or_description_hit_only","1","naval_lords","wvcuOHCa","Reference hit does not prove HeroId, ClanId or KingdomId relation."
"lord_7_23_1","厄尔维林亚","missing_native_hero","war_sails_name_or_description_hit_only","1","naval_lords","IwDY5a1I","Reference hit does not prove HeroId, ClanId or KingdomId relation."
"lord_7_23_2","奥尔薇拉","missing_native_hero","war_sails_name_or_description_hit_only","1","naval_lords","KQ3Jl82E","Reference hit does not prove HeroId, ClanId or KingdomId relation."
"lord_7_24","伊格瓦尔","missing_native_hero","war_sails_name_or_description_hit_only","1","naval_lords","SyAcaoYh","Reference hit does not prove HeroId, ClanId or KingdomId relation."
"lord_7_24_1","维斯特伦","missing_native_hero","war_sails_name_or_description_hit_only","1","naval_lords","2mlYNDoT","Reference hit does not prove HeroId, ClanId or KingdomId relation."
"lord_7_25","达格维","missing_native_hero","war_sails_name_or_description_hit_only","1","naval_lords","Pkm5gsX0","Reference hit does not prove HeroId, ClanId or KingdomId relation."
"lord_7_25_1","德里瓦娜","missing_native_hero","war_sails_name_or_description_hit_only","1","naval_lords","kiFHfVpB","Reference hit does not prove HeroId, ClanId or KingdomId relation."
"lord_7_26","奥特法","missing_native_hero","war_sails_name_or_description_hit_only","1","naval_lords","h7O4j2gF","Reference hit does not prove HeroId, ClanId or KingdomId relation."
"lord_7_27","安勒","missing_native_hero","war_sails_name_or_description_hit_only","1","naval_lords","ndmUHHxN","Reference hit does not prove HeroId, ClanId or KingdomId relation."
"lord_7_28","特里文","missing_native_hero","war_sails_name_or_description_hit_only","1","naval_lords","K6slCnTc","Reference hit does not prove HeroId, ClanId or KingdomId relation."
"lord_7_3","圭卡","missing_native_hero","war_sails_reference_candidate","2","heroes,naval_lords","GPf0avBi,5JO7SHD5","Reference hit does not prove HeroId, ClanId or KingdomId relation."
"lord_7_3_1","盖于特加","missing_native_hero","war_sails_name_or_description_hit_only","1","naval_lords","z0YNlEJl","Reference hit does not prove HeroId, ClanId or KingdomId relation."
"lord_7_3_2","伊里德伦","missing_native_hero","war_sails_name_or_description_hit_only","1","naval_lords","w7GJ8i1D","Reference hit does not prove HeroId, ClanId or KingdomId relation."
"lord_7_3_3","海姆希尔","missing_native_hero","war_sails_name_or_description_hit_only","1","naval_lords","Klyk4sd5","Reference hit does not prove HeroId, ClanId or KingdomId relation."
"lord_7_4","阿格林娅","missing_native_hero","war_sails_name_or_description_hit_only","1","naval_lords","h8IIiZMW","Reference hit does not prove HeroId, ClanId or KingdomId relation."
"lord_7_4_1","迪法","missing_native_hero","needs_manual_review","0","","","Reference hit does not prove HeroId, ClanId or KingdomId relation."
"lord_7_5","阿丝葛莎","missing_native_hero","war_sails_reference_candidate","1","heroes","82aSnTOv","Reference hit does not prove HeroId, ClanId or KingdomId relation."
"lord_7_5_1","谢翁","missing_native_hero","war_sails_name_or_description_hit_only","1","naval_lords","IvNVLWem","Reference hit does not prove HeroId, ClanId or KingdomId relation."
"lord_7_5_2","埃尔菲亚","missing_native_hero","war_sails_name_or_description_hit_only","1","naval_lords","XNNngM7Z","Reference hit does not prove HeroId, ClanId or KingdomId relation."
"lord_7_5_3","恩亚斯尼","missing_native_hero","war_sails_name_or_description_hit_only","1","naval_lords","8vMGPtuR","Reference hit does not prove HeroId, ClanId or KingdomId relation."
"lord_7_6","维蒂尔","missing_native_hero","war_sails_name_or_description_hit_only","1","naval_lords","lvqxpSFS","Reference hit does not prove HeroId, ClanId or KingdomId relation."
