阿庇斯_apys_varros_empire_west	阿庇斯_apys_varros_empire_w
阿德拉姆_adram_aserai	阿德拉姆_adram_banu sarran_aserai
阿尔德里克_aldric_vlandia	阿尔德里克_aldric_dey tihr_vlandia
阿卡尔_aqar_aserai	阿卡尔_aqar_banu ruwaid_aserai
阿克鲁木_akrum_khuzait	阿克鲁木_akrum_harfit_khuzait
阿拉德维尔_aradwyr_battania	阿拉德维尔_aradwyr_fen eingal_battania
阿拉里_alary_vlandia	阿拉里_alary_dey meroc_vlandia
阿丝塔_asta_sturgia	阿丝塔_asta_gundaroving_sturgia
埃尔贡_ergeon_battania	埃尔贡_ergeon_fen derngil_battania
埃卡朗_ecarand_vlandia	埃卡朗_ecarand_dey folcun_vlandia
埃隆_aeron_battania	埃隆_aeron_fen giall_battania
奥列克_olek_sturgia	奥列克_olek_kuloving_sturgia
奥斯皮尔_ospir_vlandia	奥斯皮尔_ospir_dey gunric_vlandia
奥赞_awdhan_aserai	奥赞_awdhan_banu sarmal_aserai
拔该_bagai_khuzait	拔该_bagai_khergit_khuzait
贝尔吉尔_belgir_vlandia	贝尔吉尔_belgir_dey fortes_vlandia
伯里康_berican_vlandia	伯里康_berican_dey rothad_vlandia
布兰诺克_branoc_battania	布兰诺克_branoc_fen morcar_battania
达思鲁儿_taslur_khuzait	达思鲁儿_taslur_yanserit_khuzait
德泰尔_derthert_vlandia	德泰尔_derthert_dey meroc_vlandia
俄洛斯_oros_empire_south	俄洛斯_oros_mestricaros_empire_s
法芬_fafen_sturgia	法芬_fafen_isyaroving_sturgia
法戎_pharon_empire_south	法戎_pharon_leonipardes_empire_s
菲利诺拉_philenora_vlandia	菲利诺拉_philenora_dey meroc_vlandia
戈敦_godun_sturgia	戈敦_godun_vagiroving_sturgia
古速坎_gusukan_khuzait	古速坎_gusukan_oburit_khuzait
哈珊_hashan_aserai	哈珊_hashan_banu habbab_aserai
合努占_kanujan_khuzait	合努占_kanujan_koltit_khuzait
赫卡尔_hecard_vlandia	赫卡尔_hecard_dey molarn_vlandia
呼鲁那格_hurunag_khuzait	呼鲁那格_hurunag_tigrit_khuzait
加里俄斯_garios_empire_west	加里俄斯_garios_comnos_empire_w
金达_jinda_aserai	金达_jinda_banu hulyan_aserai
卡拉蒂尔德_calatild_vlandia	卡拉蒂尔德_calatild_dey arromanc_vlandia
卡拉多格_caladog_battania	卡拉多格_caladog_fen gruffendoc_battania
克洛托耳_crotor_empire_west	克洛托耳_crotor_dionicos_empire_w
拉盖娅_rhagaea_empire_south	拉盖娅_rhagaea_pethros_empire_s
朗瓦德_raganvad_sturgia	朗瓦德_raganvad_gundaroving_sturgia
卢孔_lukos_empire_north	卢孔_lucon_osticos_empire
卢伊汉_luichan_battania	卢伊汉_luichan_fen penraic_battania
罗兰_rolan_sturgia	罗兰_rolan_kostoroving_sturgia
曼忒俄斯_manteos_empire_north	曼忒俄斯_manteos_argoros_empire
毛蕾阿斯_maireas_battania	毛蕾阿斯_maireas_fen caernacht_battania
梅利迪尔_melidir_battania	梅利迪尔_melidir_fen uvain_battania
蒙楚格_monchug_khuzait	蒙楚格_monchug_urkhunait_khuzait
弥娜_mina_empire_south	弥娜_mina_pethros_empire_s
墨速宜_mesui_khuzait	墨速宜_mesui_khergit_khuzait
帕堤耳_patyr_empire_south	帕堤耳_patyr_pethros_empire_s
彭同_penton_neretzes_empire_north	彭同_penton_neretzes_empire
普林多尔_pryndor_battania	普林多尔_pryndor_fen morcar_battania
塞尔维克_servic_vlandia	塞尔维克_servic_dey valant_vlandia
苏鲁克_suruq_aserai	苏鲁克_suruq_banu qaraz_aserai
塔拉斯_talas_aserai	塔拉斯_talas_banu atij_aserai
泰伊斯_tais_aserai	泰伊斯_tais_banu qild_aserai
忒斐罗斯_thephilos_empire_west	忒斐罗斯_thephilos_comnos_empire_w
突剌格_tulag_khuzait	突剌格_tulag_arkit_khuzait
图里亚多斯_turiados_empire_south	图里亚多斯_turiados_hongeros_empire_s
托维尔_tovir_sturgia	托维尔_tovir_ubroving_sturgia
瓦尔坦_vartin_vlandia	瓦尔坦_vartin_dey jelind_vlandia
瓦舍尔基_vashorki_sturgia	瓦舍尔基_vashorki_vezhoving_sturgia
维杜尔_vyldur_sturgia	维杜尔_vyldur_togaroving_sturgia
温吉德_unqin_aserai	温吉德_unqid_banu hulyan_aserai
文得利娅_vendelia_empire_west	文得利娅_vendelia_comnos_empire_w
乌尔玻斯_ulbos_empire_south	乌尔玻斯_ulbos_pethros_empire_s
西加_siga_sturgia	西加_siga_kuloving_sturgia
伊拉_ira_empire_south	伊拉_ira_pethros_empire_s
伊亚拉斯_iyalas_aserai	伊亚拉斯_iyalas_banu arbas_aserai
亦剌塔儿_ilatar_khuzait	亦剌塔儿_ilatar_baltait_khuzait
因加泰尔_ingalther_vlandia	因加泰尔_ingalther_dey cortain_vlandia
约里格_yorig_sturgia	约里格_yorig_ormidoving_sturgia
泽洛西卡_zerosica_empire_north	泽洛西卡_zerosica_osticos_empire
