hero_id	english	chinese	source	culture	sex	occupation	name_key	has_latin_in_cn	same_as_english
main_hero	Eren	艾仁	Native/std_common_strings	battania	M	Lord	ekcBrNN1	False	False
dead_lord_2_1	Olek the Old	“年长的”奥列克	SandBox/std_lords	sturgia	M	Lord	pkJy3oQL	False	False
dead_lord_2_2	Varra	瓦尔拉	SandBox/std_lords	sturgia	F	Lord	jIOMwnka	False	False
dead_lord_3_1	Nimr	尼姆尔	SandBox/std_lords	aserai	M	Lord	x9LbvJYp	False	False
dead_lord_6_1	Urkhun	兀儿浑	Native/std_common_strings	khuzait	M	Lord	vl2tgsKa	False	False
dead_lord_6_2	Solun	岁仑	SandBox/std_lords	khuzait	M	Lord	3AMc9o0o	False	False
dead_lord_6_3	Kuyug	库由格	SandBox/std_lords	khuzait	M	Lord	GRjLT63Z	False	False
dead_lord_6_4	Undul	温都勒	SandBox/std_lords	khuzait	M	Lord	k3cm9EgA	False	False
lord_1_1	Lucon	卢孔	SandBox/std_lords	empire	M	Lord	CLqPbdiZ	False	False
lord_1_2	Zerosica	泽洛西卡	Native/std_common_strings	empire	F	Lord	wbLqHvjE	False	False
lord_1_1_1	Susada	苏萨达	SandBox/std_lords	empire	F	Lord	J0QdMsnX	False	False
lord_1_1_2	Decantia	得坎提娅	SandBox/std_lords	empire	F	Lord	zFPc7VEO	False	False
lord_1_1_3	Veneranda	维涅兰达	SandBox/std_lords	empire	F	Lord	EdQ0Lp2a	False	False
lord_1_1_4	Phalarisa	法拉里萨	SandBox/std_lords	empire	F	Lord	JJcFwAUb	False	False
lord_1_1_5	Presciana	普雷西娅娜	SandBox/std_lords	empire	F	Lord	VPH7syd9	False	False
lord_1_1_6	Adrichea	阿得里刻娅	SandBox/std_lords	empire	F	Lord	O6NKphJk	False	False
lord_1_1_7	Hylasiana	许拉西娅娜	SandBox/std_lords	empire	F	Lord	v6CSTkR4	False	False
lord_1_1_8	Apolytea	阿波吕忒娅	SandBox/std_lords	empire	F	Lord	Ybpa7Nbz	False	False
lord_1_1_9	Eodisia	厄奥狄西娅	SandBox/std_lords	empire	F	Lord	kAbug2ja	False	False
lord_1_1_10	Rhoda	洛达	SandBox/std_lords	empire	F	Lord	DCAa3GOY	False	False
lord_1_1_11	Amaliana	阿马利娅娜	SandBox/std_lords	empire	F	Lord	MrIvBcNH	False	False
lord_1_1_15	Justina	查士丁娜	SandBox/std_lords	empire	F	Lord	jqdpTXYV	False	False
lord_1_1_16	Leontia	列奥提娅	SandBox/std_lords	empire	F	Lord	AEA6qavG	False	False
lord_1_3	Manteos	曼忒俄斯	SandBox/std_lords	empire	M	Lord	6GC0PsSh	False	False
lord_1_4	Phenoria	斐诺里娅	Native/std_common_strings	empire	F	Lord	WrAMfIG1	False	False
lord_1_5	Penton	彭同	Native/std_common_strings	empire	M	Lord	1cKxsHSh	False	False
lord_1_6	Phadon	法冬	Native/std_common_strings	empire	M	Lord	q186AQHt	False	False
lord_1_7	Garios	加里俄斯	SandBox/std_lords	empire	M	Lord	I72U5ttG	False	False
lord_1_8	Vendelia	文得利娅	Native/std_common_strings	empire	F	Lord	VzhbUL60	False	False
lord_1_9	Apys	阿庇斯	Native/std_common_strings	empire	M	Lord	QjJAbaoT	False	False
lord_1_10	Melkea	墨尔刻娅	SandBox/std_lords	empire	F	Lord	WnhPFlON	False	False
lord_1_25	Eronyx	厄洛倪克斯	SandBox/std_lords	empire	M	Lord	DH7SnD7L	False	False
lord_1_35	Amenon	阿门农	SandBox/std_lords	empire	M	Lord	kwNl4bsS	False	False
lord_1_11	Crotor	克洛托耳	Native/std_common_strings	empire	M	Lord	acp2IcMs	False	False
lord_1_111	Casinon	卡西农	SandBox/std_lords	empire	M	Lord	auMsvXpb	False	False
lord_1_12	Lysica	吕西卡	Native/std_common_strings	empire	F	Lord	dwFZFQ6V	False	False
lord_1_14	Rhagaea	拉盖娅	SandBox/std_lords	empire	F	Lord	kadJAjaA	False	False
lord_1_15	Pharon	法戎	SandBox/std_lords	empire	M	Lord	48bvCvb2	False	False
lord_1_155	Zeno	芝诺	SandBox/std_lords	empire	M	Lord	UTFGUeVQ	False	False
lord_1_16	Martira	马耳提拉	Native/std_common_strings	empire	F	Lord	2fYYfHUI	False	False
lord_1_17	Oros	俄洛斯	Native/std_common_strings	empire	M	Lord	JFVseSa3	False	False
lord_1_177	Honoratus	霍诺拉图斯	SandBox/std_lords	empire	M	Lord	I2gnhOc2	False	False
lord_1_18	Jathea	雅忒娅	SandBox/std_lords	empire	F	Lord	OMkSgsV2	False	False
lord_1_21	Ascyron	阿斯居戎	Native/std_common_strings	empire	M	Lord	rGuYLmez	False	False
lord_1_22	Andros	安德洛斯	Native/std_common_strings	empire	M	Lord	uTFjknE2	False	False
lord_1_23	Jastion	雅斯提翁	SandBox/std_lords	empire	M	Lord	XkNnlSwA	False	False
lord_1_24	Tadeos	塔得俄斯	SandBox/std_lords	empire	M	Lord	PjSQYAaR	False	False
lord_1_75	Thephilos	忒斐罗斯	SandBox/std_lords	empire	M	Lord	LiAefNmE	False	False
lord_1_26	Meritor	墨里托耳	Native/std_common_strings	empire	M	Lord	tTuaiLS6	False	False
lord_1_27	Patyr	帕堤耳	SandBox/std_lords	empire	M	Lord	waQPRCaT	False	False
lord_1_27_1	Verina	维里娜	SandBox/std_lords	empire	F	Lord	d6aTWH9m	False	False
lord_1_27_2	Eutropios	欧特洛庇俄斯	SandBox/std_lords	empire	M	Lord	zaHnL2It	False	False
lord_1_27_3	Vasilia	瓦西利娅	SandBox/std_lords	empire	F	Lord	lGrQRXKt	False	False
lord_1_28	Temion	特弥翁	SandBox/std_lords	empire	M	Lord	HGBWqbhQ	False	False
lord_1_29	Sanion	萨尼翁	Native/std_common_strings	empire	M	Lord	5eTb2xr7	False	False
lord_1_31	Zoana	佐安娜	Native/std_common_strings	empire	F	Lord	AccBcEIt	False	False
lord_1_32	Sora	索拉	Native/std_common_strings	empire	F	Lord	V1QLbhRl	False	False
lord_1_33	Chalia	哈利娅	Native/std_common_strings	empire	F	Lord	AdK4Ilzw	False	False
lord_1_422	Maurentios	毛伦提俄斯	SandBox/std_lords	empire	M	Lord	LQYkBOsU	False	False
lord_1_34	Nadea	那得娅	Native/std_common_strings	empire	F	Lord	uLjRHv9p	False	False
lord_1_36	Phaea	淮娅	Native/std_common_strings	empire	F	Lord	FUT6eXfw	False	False
lord_1_37	Ira	伊拉	Native/std_common_strings	empire	F	Lord	HSlPLC4m	False	False
lord_1_38	Helea	赫勒娅	SandBox/std_lords	empire	F	Lord	6YiMWxVM	False	False
lord_1_39	Debana	得巴娜	Native/std_common_strings	empire	F	Lord	YBGCXSEx	False	False
lord_1_41	Arcor	阿科耳	Native/std_common_strings	empire	M	Lord	O75XlydW	False	False
lord_1_411	Arion	亚里翁	Native/std_common_strings	empire	M	Lord	W1uwgvAQ	False	False
lord_1_42	Belithor	柏利托耳	SandBox/std_lords	empire	M	Lord	10urvYUQ	False	False
lord_1_43	Chason	喀宋	SandBox/std_lords	empire	M	Lord	Dsclf61p	False	False
lord_1_44	Nemos	涅摩斯	Native/std_common_strings	empire	M	Lord	u1lTJoPO	False	False
lord_1_47	Ulbos	乌尔玻斯	SandBox/std_lords	empire	M	Lord	xViSxONn	False	False
lord_1_47_1	Mina	弥娜	Native/std_common_strings	empire	F	Lord	QvfUqzpF	False	False
lord_1_47_2	Casyrea	卡绪雷娅	SandBox/std_lords	empire	F	Lord	ysrWE08a	False	False
lord_1_47_3	Colambea	科拉谟柏娅	SandBox/std_lords	empire	F	Lord	KwNdjleW	False	False
lord_1_49	Obron	俄布戎	Native/std_common_strings	empire	M	Lord	QGIAbglw	False	False
lord_1_49_1	Tristania	崔斯坦尼娅	SandBox/std_lords	empire	F	Lord	BosCJ3Rb	False	False
lord_1_49_2	Gordiana	革耳狄安娜	SandBox/std_lords	empire	F	Lord	mpgkzY0Y	False	False
lord_1_20	Encurion	恩库里翁	Native/std_common_strings	empire	M	Lord	rUvnbDi2	False	False
lord_1_1_12	Epipheria	厄庇斐里娅	SandBox/std_lords	empire	F	Lord	vlpRh9ZB	False	False
lord_1_64	Miron	弥隆	SandBox/std_lords	empire	M	Lord	6ZTCwKfD	False	False
lord_1_1_13	Agnathea	阿格娜忒亚	SandBox/std_lords	empire	F	Lord	bJBQVoe2	False	False
lord_1_50	Gyphor	居福耳	SandBox/std_lords	empire	M	Lord	jQjouVRk	False	False
lord_1_66	Lantanor	兰塔诺耳	SandBox/std_lords	empire	M	Lord	YWJUZlzt	False	False
lord_1_1_14	Tyliana	提莉安娜	SandBox/std_lords	empire	F	Lord	Bo6IZGAN	False	False
lord_1_1_17	Variasis	瓦里亚西斯	SandBox/std_lords	empire	M	Lord	y881d2ER	False	False
lord_1_51	Nicasor	尼卡索耳	SandBox/std_lords	empire	M	Lord	3qr3bhL6	False	False
lord_1_58	Tasynor	塔叙诺耳	SandBox/std_lords	empire	M	Lord	MaeS2r7p	False	False
lord_1_70	Panalea	帕那勒娅	SandBox/std_lords	empire	F	Lord	cjuYkvlX	False	False
lord_NE7_u	Nesthys	涅斯堤斯	SandBox/std_lords	empire	M	Lord	rhSlO9g3	False	False
lord_1_67	Olypos	俄吕波斯	SandBox/std_lords	empire	M	Lord	eTS0B8NB	False	False
lord_1_40	Tynops	堤诺普斯	Native/std_common_strings	empire	M	Lord	kfNW01y5	False	False
lord_1_40_1	Catella	卡忒拉	SandBox/std_lords	empire	F	Lord	BxABzWjH	False	False
lord_1_46	Milos	弥罗斯	Native/std_common_strings	empire	M	Lord	qqW5n5Ox	False	False
lord_1_46_1	Seorgys	塞俄耳具斯	SandBox/std_lords	empire	M	Lord	PopVsatN	False	False
lord_1_45	Desporion	得斯波里翁	SandBox/std_lords	empire	M	Lord	7nVZgjmn	False	False
lord_1_45_1	Agnala	阿格娜拉	SandBox/std_lords	empire	F	Lord	27fMB4Ri	False	False
lord_1_45_2	Phostor	福斯托耳	SandBox/std_lords	empire	M	Lord	nfvgHpn5	False	False
lord_1_45_3	Nereida	涅雷达	SandBox/std_lords	empire	F	Lord	Upt1X9HN	False	False
lord_1_57	Altenos	阿尔忒诺斯	SandBox/std_lords	empire	M	Lord	EJFY3KdF	False	False
lord_1_57_1	Sophalia	索法利娅	SandBox/std_lords	empire	F	Lord	CwK8l7IX	False	False
lord_1_57_2	Jephalia	耶法利娅	SandBox/std_lords	empire	F	Lord	p4vC5oBc	False	False
lord_1_52	Saratis	萨拉提斯	SandBox/std_lords	empire	M	Lord	6TphQddp	False	False
lord_1_52_1	Minarvina	弥那耳维娜	SandBox/std_lords	empire	F	Lord	Ggj9PWIU	False	False
lord_1_52_2	Megarita	墨伽里塔	SandBox/std_lords	empire	F	Lord	o5C0LbdP	False	False
lord_1_53	Achios	阿喀俄斯	SandBox/std_lords	empire	M	Lord	3C8F07SL	False	False
lord_1_71	Vipon	维彭	SandBox/std_lords	empire	M	Lord	qJJ8nXFN	False	False
lord_WE8_c	Icratia	伊克拉提娅	SandBox/std_lords	empire	F	Lord	GFV7bzME	False	False
lord_WE8_u	Varmyros	瓦密洛斯	SandBox/std_lords	empire	M	Lord	JEfh8gHY	False	False
lord_1_73	Ovagos	俄瓦戈斯	SandBox/std_lords	empire	M	Lord	HQaqg40g	False	False
lord_1_73_1	Popilia	波庇利娅	SandBox/std_lords	empire	F	Lord	fepOjbsV	False	False
lord_1_62	Sejaron	塞亚戎	SandBox/std_lords	empire	M	Lord	fb0F6jKI	False	False
lord_1_62_1	Arytha	阿律塔	SandBox/std_lords	empire	F	Lord	dbe79bvU	False	False
lord_1_30	Turiados	图里亚多斯	Native/std_common_strings	empire	M	Lord	P7iNhhPl	False	False
lord_1_30_1	Justina	查士丁娜	SandBox/std_lords	empire	F	Lord	jqdpTXYV	False	False
lord_1_30_2	Callinia	卡尔利尼娅	SandBox/std_lords	empire	F	Lord	fGp76I0G	False	False
lord_1_30_3	Synesios	叙涅修斯	SandBox/std_lords	empire	M	Lord	PQoWbtKo	False	False
lord_1_48	Joron	约戎	Native/std_common_strings	empire	M	Lord	katzUyMI	False	False
lord_1_48_1	Alympia	阿林匹娅	SandBox/std_lords	empire	F	Lord	ozpbN30B	False	False
lord_1_48_2	Anea	阿涅娅	SandBox/std_lords	empire	F	Lord	YDy8meZp	False	False
lord_1_48_3	Nonesos	诺涅索斯	SandBox/std_lords	empire	F	Lord	yROMCMB3	False	False
lord_1_54	Sichanis	西喀尼斯	SandBox/std_lords	empire	M	Lord	sZebVgCp	False	False
lord_1_54_1	Constalia	君士塔莉娅	SandBox/std_lords	empire	F	Lord	K2UUjntt	False	False
lord_1_55	Serandon	塞兰冬	SandBox/std_lords	empire	M	Lord	OymqpgTX	False	False
lord_1_55_1	Megethia	墨革提娅	SandBox/std_lords	empire	F	Lord	VIs6y29A	False	False
lord_1_63	Baranor	巴拉诺耳	SandBox/std_lords	empire	M	Lord	AWDNxFbh	False	False
lord_1_63_1	Valaria	瓦拉里娅	SandBox/std_lords	empire	F	Lord	AVEDQNvr	False	False
lord_1_63_2	Comatasa	科马塔萨	SandBox/std_lords	empire	F	Lord	tRAl9AW2	False	False
lord_1_63_3	Elidilea	厄利狄勒娅	SandBox/std_lords	empire	F	Lord	L2SmutOy	False	False
lord_1_56	Seranor	塞拉诺耳	SandBox/std_lords	empire	M	Lord	MADTaSFV	False	False
lord_1_56_1	Germana	革耳马娜	SandBox/std_lords	empire	F	Lord	2T4CbYRn	False	False
lord_1_56_2	Rustica	卢斯提卡	SandBox/std_lords	empire	F	Lord	MBKTyzXQ	False	False
lord_1_68	Tharos	塔洛斯	Native/std_common_strings	empire	M	Lord	9xyXdX4I	False	False
lord_1_68_1	Silvina	西尔维娜	SandBox/std_lords	empire	F	Lord	bujI7g96	False	False
lord_1_69	Niphon	尼丰	SandBox/std_lords	empire	M	Lord	4YOoGhpK	False	False
lord_1_69_1	Areliana	阿雷莉安娜	SandBox/std_lords	empire	F	Lord	b10NS3yK	False	False
lord_1_69_2	Dorathila	多拉提拉	SandBox/std_lords	empire	F	Lord	4YOld4FR	False	False
lord_1_72	Abalytos	阿巴吕托斯	SandBox/std_lords	empire	M	Lord	RYksq67N	False	False
lord_1_72_1	Viviana	维维安娜	SandBox/std_lords	empire	F	Lord	IbgH3J03	False	False
lord_SE8_c	Itaria	伊塔里娅	SandBox/std_lords	empire	F	Lord	QuGKE0wg	False	False
lord_1_74	Zachanis	扎喀尼斯	SandBox/std_lords	empire	M	Lord	26W8jFm9	False	False
lord_1_74_1	Zena	泽娜	SandBox/std_lords	empire	F	Lord	7DJgows0	False	False
lord_NE8_l	Maritzios	马利齐俄斯	SandBox/std_lords	empire	M	Lord	9Pw7LDXY	False	False
lord_NE8_s	Pradentia	普拉敦提娅	SandBox/std_lords	empire	F	Lord	1yJZWqhG	False	False
lord_NE8_c1	Theavisos	忒阿维索斯	SandBox/std_lords	empire	M	Lord	gSR6ObvN	False	False
lord_NE8_c2	Lucala	卢卡拉	SandBox/std_lords	empire	F	Lord	stjahQvD	False	False
lord_NE9_l	Porphalios	波法利奥斯	SandBox/std_lords	empire	M	Lord	2XKnC45z	False	False
lord_NE9_s	Aesos	埃索斯	Native/std_common_strings	empire	M	Lord	GJhRw7qb	False	False
lord_NE9_d	Vamina	瓦弥那	SandBox/std_lords	empire	F	Lord	lLNkm48w	False	False
lord_WE9_l	Vincantios	温坎提俄斯	SandBox/std_lords	empire	M	Lord	xfSKiKl1	False	False
lord_WE9_u	Euresa	欧蕾萨	SandBox/std_lords	empire	F	Lord	hjcwElSM	False	False
lord_WE9_u2	Torvasis	托耳瓦西斯	SandBox/std_lords	empire	M	Lord	juzJA5Tw	False	False
lord_SE9_l	Satros	萨特洛斯	SandBox/std_lords	empire	M	Lord	txyVEr0U	False	False
lord_SE9_s	Jonna	伊翁娜	SandBox/std_lords	empire	F	Lord	4WiAzdHf	False	False
lord_SE9_c1	Pagarios	帕加里俄斯	SandBox/std_lords	empire	M	Lord	rf8KHRSP	False	False
lord_SE9_c2	Diasca	狄亚丝卡	SandBox/std_lords	empire	F	Lord	Y0I9T9pe	False	False
lord_2_1	Raganvad	朗瓦德	SandBox/std_lords	sturgia	M	Lord	rNrq6QdU	False	False
lord_2_2	Asta	阿丝塔	Native/std_common_strings	sturgia	F	Lord	XqcD0WEu	False	False
lord_2_3	Olek	奥列克	SandBox/std_lords	sturgia	M	Lord	xtEfnInH	False	False
lord_2_4	Siga	西加	Native/std_common_strings	sturgia	F	Lord	2Bh8DS8S	False	False
lord_2_4_1	Apolanea	阿波拉涅娅	SandBox/std_lords	sturgia	F	Lord	i7GvKab4	False	False
lord_2_5	Godun	戈敦	SandBox/std_lords	sturgia	M	Lord	f6urGGlU	False	False
lord_2_6	Erta	埃尔塔	Native/std_common_strings	sturgia	F	Lord	yNSLGTYc	False	False
lord_2_7	Simir	西米尔	Native/std_common_strings	sturgia	M	Lord	XDAQgjpH	False	False
lord_2_7_1	Mimir	密米尔	SandBox/std_lords	sturgia	M	Lord	bFeyvTJj	False	False
lord_2_8	Urik	乌里克	Native/std_common_strings	sturgia	M	Lord	uDlnsFIF	False	False
lord_2_9	Lek	列克	Native/std_common_strings	sturgia	M	Lord	KBq7aQRa	False	False
lord_2_10	Valla	瓦拉	SandBox/std_lords	sturgia	F	Lord	CuH8aalQ	False	False
lord_2_11	Idrun	伊德伦	SandBox/std_lords	sturgia	F	Lord	GFmOwx4L	False	False
lord_2_111	Rozhivol	罗日沃尔	SandBox/std_lords	sturgia	M	Lord	wGAJSplG	False	False
lord_2_12	Svana	斯瓦娜	Native/std_common_strings	sturgia	F	Lord	b2d9BYxT	False	False
lord_2_121	Osven	奥斯温	SandBox/std_lords	sturgia	M	Lord	IwAcNgLc	False	False
lord_2_13	Vidar	维达尔	Native/std_common_strings	sturgia	M	Lord	hy7mIh48	False	False
lord_2_13_1	Lilizha	利利扎	SandBox/std_lords	sturgia	F	Lord	uqGvaPxz	False	False
lord_2_13_2	Andruta	安德鲁塔	SandBox/std_lords	sturgia	F	Lord	gRcc0zjg	False	False
lord_2_13_3	Luda	卢达	SandBox/std_lords	sturgia	F	Lord	e8NQzxiE	False	False
lord_2_13_4	Teta	捷塔	SandBox/std_lords	sturgia	F	Lord	lFV6m1rc	False	False
lord_2_14	Isvan	伊斯凡	Native/std_common_strings	sturgia	M	Lord	ZkaaXxeB	False	False
lord_2_14_1	Valkava	瓦尔卡娃	SandBox/std_lords	sturgia	F	Lord	bvY3HRvY	False	False
lord_2_14_2	Zaverena	扎韦列娜	SandBox/std_lords	sturgia	F	Lord	otabNNZK	False	False
lord_2_14_3	Vizhduna	维日杜娜	SandBox/std_lords	sturgia	F	Lord	8uqqo3R2	False	False
lord_2_15	Ratagost	拉塔戈斯特	Native/std_common_strings	sturgia	M	Lord	iOYRpw24	False	False
lord_2_15_1	Yachana	亚恰娜	SandBox/std_lords	sturgia	F	Lord	K2uyaOia	False	False
lord_2_15_2	Milanka	米兰卡	SandBox/std_lords	sturgia	F	Lord	6RtIRVit	False	False
lord_2_15_3	Velina	维琳娜	SandBox/std_lords	sturgia	F	Lord	m460qJaY	False	False
lord_2_15_4	Bovan	博万	SandBox/std_lords	sturgia	M	Lord	aR5QmQBo	False	False
lord_2_16	Yorig	约里格	Native/std_common_strings	sturgia	M	Lord	agn93v7y	False	False
lord_2_16_1	Tyaska	佳斯卡	SandBox/std_lords	sturgia	F	Lord	l1Q7WjO6	False	False
lord_2_17	Vyldur	维杜尔	SandBox/std_lords	sturgia	M	Lord	pMbA799s	False	False
lord_2_17_1	Dracha	德拉恰	SandBox/std_lords	sturgia	F	Lord	up2Pbi6u	False	False
lord_2_18	Fafen	法芬	SandBox/std_lords	sturgia	M	Lord	N7qb7ae6	False	False
lord_2_18_1	Zorika	佐里卡	SandBox/std_lords	sturgia	F	Lord	VvFQhqub	False	False
lord_2_19	Vashorki	瓦舍尔基	Native/std_common_strings	sturgia	M	Lord	mbRvqDhY	False	False
lord_2_19_1	Vitomira	维托米拉	SandBox/std_lords	sturgia	F	Lord	apiBts2j	False	False
lord_2_20	Tovir	托维尔	SandBox/std_lords	sturgia	M	Lord	qKrOVIAq	False	False
lord_2_20_1	Kisha	基莎	SandBox/std_lords	sturgia	F	Lord	E5CKYEWf	False	False
lord_S8_u	Galyk	加卢克	SandBox/std_lords	sturgia	M	Lord	uxt1DnZM	False	False
lord_2_21	Svedorn	斯维多恩	SandBox/std_lords	sturgia	M	Lord	ja22un5W	False	False
lord_2_21_1	Izdenka	伊兹登卡	SandBox/std_lords	sturgia	F	Lord	5lYm8YtD	False	False
lord_2_22	Lashonek	拉绍涅克	SandBox/std_lords	sturgia	M	Lord	quVUTYOB	False	False
lord_2_22_1	Zheneva	热涅娃	SandBox/std_lords	sturgia	F	Lord	H4OolRf7	False	False
lord_2_23	Galden	加尔登	SandBox/std_lords	sturgia	M	Lord	HIi53JMZ	False	False
lord_2_23_1	Zlatka	兹拉特卡	SandBox/std_lords	sturgia	F	Lord	SbiUqDke	False	False
lord_2_24	Alvar	阿尔瓦尔	SandBox/std_lords	sturgia	M	Lord	PBCwzvbf	False	False
lord_2_24_1	Zorina	佐里娜	SandBox/std_lords	sturgia	F	Lord	kHo2jIcm	False	False
lord_S9_l	Rolan	罗兰	SandBox/std_lords	sturgia	M	Lord	0AuMcOga	False	False
lord_S9_m	Dakhila	达希拉	SandBox/std_lords	sturgia	F	Lord	D71AGZWF	False	False
lord_S9_c	Forim	福里姆	SandBox/std_lords	sturgia	M	Lord	Zzw3S7Lo	False	False
lord_S9_u	Chastimir	恰斯季米尔	SandBox/std_lords	sturgia	M	Lord	aemIaJIv	False	False
lord_3_1	Unqid	温吉德	SandBox/std_lords	aserai	M	Lord	r3oIoCr8	False	False
lord_3_2	Jinda	金达	Native/std_common_strings	aserai	F	Lord	JhLPgr5x	False	False
lord_3_3	Adram	阿德拉姆	Native/std_common_strings	aserai	M	Lord	n2FdWOtE	False	False
lord_3_3_1	Tariq	塔里克	SandBox/std_lords	aserai	M	Lord	JPBz1blG	False	False
lord_3_4	Maraa	马拉	SandBox/std_lords	aserai	F	Lord	6WWJpv88	False	False
lord_3_5	Tais	泰伊斯	SandBox/std_lords	aserai	M	Lord	iOZtAOgk	False	False
lord_3_51	Haqan	哈坎	SandBox/std_lords	aserai	M	Lord	891zDKIl	False	False
lord_3_6	Ruma	鲁玛	SandBox/std_lords	aserai	F	Lord	nBDKxiyC	False	False
lord_3_7	Dhiyul	济尤勒	Native/std_common_strings	aserai	M	Lord	xC3kCGte	False	False
lord_3_8	Addas	阿达斯	SandBox/std_lords	aserai	M	Lord	saaeExBg	False	False
lord_3_9	Usair	乌赛伊尔	SandBox/std_lords	aserai	M	Lord	LJ6Intaq	False	False
lord_3_10	Anidha	安妮扎	SandBox/std_lords	aserai	F	Lord	TfNSLFNF	False	False
lord_3_11	Arwa	阿尔瓦	Native/std_common_strings	aserai	F	Lord	vAKB54zO	False	False
lord_3_12	Manan	玛南	SandBox/std_lords	aserai	F	Lord	MlmPJ502	False	False
lord_3_13	Nuqar	努卡尔	Native/std_common_strings	aserai	M	Lord	WTCIOhvV	False	False
lord_3_13_1	Sira	西拉	SandBox/std_lords	aserai	F	Lord	psnfaZbC	False	False
lord_3_13_2	Razana	拉扎纳	SandBox/std_lords	aserai	F	Lord	13YN3S79	False	False
lord_3_14	Thamza	萨姆扎	SandBox/std_lords	aserai	M	Lord	HSlqsoPK	False	False
lord_3_14_1	Sasaitha	萨赛莎	SandBox/std_lords	aserai	F	Lord	sPSqyA4R	False	False
lord_3_15	Ghuzid	古齐德	Native/std_common_strings	aserai	M	Lord	NOchnEwX	False	False
lord_3_15_1	Shimra	希姆拉	SandBox/std_lords	aserai	F	Lord	VPnW6rA1	False	False
lord_3_15_2	Bushila	布希拉	SandBox/std_lords	aserai	F	Lord	DADHWcX4	False	False
lord_3_16	Suruq	苏鲁克	SandBox/std_lords	aserai	M	Lord	Er3eFLdH	False	False
lord_3_16_1	Farina	法丽娜	SandBox/std_lords	aserai	F	Lord	aVkqqEOx	False	False
lord_3_17	Iyalas	伊亚拉斯	SandBox/std_lords	aserai	M	Lord	kvxnbHjF	False	False
lord_3_17_1	Shaima	谢玛	SandBox/std_lords	aserai	F	Lord	Atuo4eR7	False	False
lord_3_17_2	Sanit	萨妮特	SandBox/std_lords	aserai	F	Lord	DsduCz91	False	False
lord_3_18	Talas	塔拉斯	SandBox/std_lords	aserai	M	Lord	VAAIYJqI	False	False
lord_3_18_1	Farzana	法扎娜	SandBox/std_lords	aserai	F	Lord	DuTdWRbB	False	False
lord_3_18_2	Hafisa	哈菲莎	SandBox/std_lords	aserai	F	Lord	t31RboMa	False	False
lord_3_18_3	Zuad	祖艾德	SandBox/std_lords	aserai	F	Lord	OtzsT453	False	False
lord_3_18_4	Jalfar	贾勒法	SandBox/std_lords	aserai	M	Lord	FP1nudkE	False	False
lord_3_19	Awdhan	奥赞	SandBox/std_lords	aserai	M	Lord	sABDrRyF	False	False
lord_3_19_1	Salma	萨勒玛	SandBox/std_lords	aserai	F	Lord	7ZFm3GTF	False	False
lord_3_19_2	Zulaika	祖莱卡	SandBox/std_lords	aserai	F	Lord	EFgG35sB	False	False
lord_3_19_3	Sulhana	苏哈娜	SandBox/std_lords	aserai	F	Lord	iU8D2Psj	False	False
lord_3_20	Karith	喀里斯	Native/std_common_strings	aserai	M	Lord	IgSZcCW0	False	False
lord_3_20_1	Judira	朱蒂拉	SandBox/std_lords	aserai	F	Lord	NiOxe8Y2	False	False
lord_3_20_2	Azina	阿齐娜	SandBox/std_lords	aserai	F	Lord	brZGZw7D	False	False
lord_3_21	Ukhai	乌海	SandBox/std_lords	aserai	M	Lord	gQ1JZ8ow	False	False
lord_3_21_1	Ashisa	阿希莎	SandBox/std_lords	aserai	F	Lord	5xOBW2Qz	False	False
lord_3_22	Hashan	哈珊	Native/std_common_strings	aserai	M	Lord	Xs2Ffm4I	False	False
lord_3_22_1	Yamina	亚米娜	SandBox/std_lords	aserai	F	Lord	Zq11L8aO	False	False
lord_3_22_2	Suna	苏娜	SandBox/std_lords	aserai	F	Lord	KFYNhxLC	False	False
lord_3_22_3	Zanuwa	扎努瓦	SandBox/std_lords	aserai	F	Lord	buvim3t7	False	False
lord_3_22_4	Hajara	哈贾拉	SandBox/std_lords	aserai	F	Lord	MOH80RNb	False	False
lord_3_23	Qahin	卡欣	SandBox/std_lords	aserai	M	Lord	yWPpaXij	False	False
lord_3_23_1	Sukayna	苏凯娜	SandBox/std_lords	aserai	F	Lord	q72YO5vb	False	False
lord_A9_l	Aqar	阿卡尔	SandBox/std_lords	aserai	M	Lord	ndSKTPib	False	False
lord_A9_s	Thiqa	锡卡	SandBox/std_lords	aserai	F	Lord	j3iaqr6v	False	False
lord_A9_c	Dhila	济拉	SandBox/std_lords	aserai	F	Lord	03vNcoOt	False	False
lord_A9_u	Qaban	卡班	SandBox/std_lords	aserai	M	Lord	lRjHdd5l	False	False
lord_4_1	Derthert	德泰尔	SandBox/std_lords	vlandia	M	Lord	jEIsVazl	False	False
lord_4_2	Philenora	菲利诺拉	SandBox/std_lords	vlandia	F	Lord	5N6i1jQP	False	False
lord_4_3	Aldric	阿尔德里克	Native/std_common_strings	vlandia	M	Lord	vEsKYrFR	False	False
lord_4_3_1	Megenhelda	梅根赫尔达	SandBox/std_lords	vlandia	F	Lord	36Y88cTv	False	False
lord_4_4	Elthild	埃蒂尔德	Native/std_common_strings	vlandia	F	Lord	Pya9aCTd	False	False
lord_4_5	Unthery	恩泰里	SandBox/std_lords	vlandia	M	Lord	voimockT	False	False
lord_4_6	Calatild	卡拉蒂尔德	Native/std_common_strings	vlandia	F	Lord	KsBoNHW5	False	False
lord_4_6_1	Odofled	奥多芙蕾德	SandBox/std_lords	vlandia	F	Lord	J2LE3595	False	False
lord_4_7	Alary	阿拉里	Native/std_common_strings	vlandia	M	Lord	bHTdXTwC	False	False
lord_4_8	Furnhard	费恩哈尔	SandBox/std_lords	vlandia	M	Lord	GK1k9K4j	False	False
lord_4_9	Thomund	托蒙德	Native/std_common_strings	vlandia	M	Lord	qtwYBHIn	False	False
lord_4_10	Elys	厄吕斯	SandBox/std_lords	vlandia	F	Lord	FR2wUMdb	False	False
lord_4_11	Liena	莉耶娜	SandBox/std_lords	vlandia	F	Lord	zUJKwx5J	False	False
lord_4_12	Silvind	茜尔文	SandBox/std_lords	vlandia	F	Lord	sikx0BFu	False	False
lord_4_121	Lasand	拉桑	SandBox/std_lords	vlandia	M	Lord	YaHhZccz	False	False
lord_4_13	Romund	罗蒙德	Native/std_common_strings	vlandia	M	Lord	abCBBVaU	False	False
lord_4_14	Morcon	莫尔孔	Native/std_common_strings	vlandia	M	Lord	EHalkcEU	False	False
lord_4_141	Amorcon	阿莫孔	SandBox/std_lords	vlandia	M	Lord	enuXNYIl	False	False
lord_4_15	Erdurand	埃尔杜兰	Native/std_common_strings	vlandia	M	Lord	PuRfbiW3	False	False
lord_4_16	Ingalther	因加泰尔	Native/std_common_strings	vlandia	M	Lord	iaUQ9lt9	False	False
lord_4_16_1	Mitela	米特拉	SandBox/std_lords	vlandia	F	Lord	eoTzkbbv	False	False
lord_4_17	Elbet	埃尔蓓	SandBox/std_lords	vlandia	F	Lord	bpl9EXWY	False	False
lord_4_18	Amalgun	阿马尔甘	Native/std_common_strings	vlandia	M	Lord	D6sMSANW	False	False
lord_4_181	Arthamund	阿尔塔蒙德	SandBox/std_lords	vlandia	M	Lord	FBa3bDcl	False	False
lord_4_19	Asela	阿瑟拉	SandBox/std_lords	vlandia	F	Lord	dkEJCrzi	False	False
lord_4_20	Varmund	瓦尔蒙德	SandBox/std_lords	vlandia	M	Lord	vDTGRgtu	False	False
lord_4_20_1	Ingeltrud	因格特鲁德	SandBox/std_lords	vlandia	F	Lord	KxvbFSnm	False	False
lord_4_21	Ospir	奥斯皮尔	SandBox/std_lords	vlandia	M	Lord	LwbqCwne	False	False
lord_4_22	Servic	塞尔维克	SandBox/std_lords	vlandia	M	Lord	a4E2pVDA	False	False
lord_4_22_1	Alwith	阿尔维特	SandBox/std_lords	vlandia	F	Lord	ioDNXwba	False	False
lord_4_23	Belgir	贝尔吉尔	SandBox/std_lords	vlandia	M	Lord	T2JS44bJ	False	False
lord_4_23_1	Richelda	里谢尔达	SandBox/std_lords	vlandia	F	Lord	C1LIflK9	False	False
lord_4_23_2	Anstruda	安丝特鲁达	SandBox/std_lords	vlandia	F	Lord	voa4jkxo	False	False
lord_4_23_3	Eleduran	埃莱迪兰	SandBox/std_lords	vlandia	M	Lord	codK1ezX	False	False
lord_4_24	Hecard	赫卡尔	SandBox/std_lords	vlandia	M	Lord	6ZQ8nUwj	False	False
lord_4_24_1	Adaltrud	阿达特鲁德	SandBox/std_lords	vlandia	F	Lord	XSfDaaFp	False	False
lord_4_24_2	Gudonhelda	古东赫尔达	SandBox/std_lords	vlandia	F	Lord	UQg7UijR	False	False
lord_4_24_3	Ingunde	因贡德	SandBox/std_lords	vlandia	F	Lord	it6GDDPw	False	False
lord_4_24_4	Irmgard	伊姆加尔	SandBox/std_lords	vlandia	F	Lord	k7vF5gWy	False	False
lord_4_25	Lucand	卢康	SandBox/std_lords	vlandia	M	Lord	l1Ac8s1T	False	False
lord_4_25_1	Bertliana	贝特莉安娜	SandBox/std_lords	vlandia	F	Lord	yl6y9ua7	False	False
lord_4_26	Peric	佩里克	SandBox/std_lords	vlandia	M	Lord	aJhRX6Lz	False	False
lord_4_27	Vartin	瓦尔坦	SandBox/std_lords	vlandia	M	Lord	8LuUksQg	False	False
lord_4_27_1	Lietgardis	利特加蒂斯	SandBox/std_lords	vlandia	F	Lord	dqSpWdO9	False	False
lord_V9_u	Urundulf	于兰迪夫	SandBox/std_lords	vlandia	M	Lord	eghwtdDx	False	False
lord_4_28	Ecarand	埃卡朗	Native/std_common_strings	vlandia	M	Lord	BVNCWAai	False	False
lord_4_28_1	Adalindis	阿达琳迪斯	SandBox/std_lords	vlandia	F	Lord	Q4kJ8PTh	False	False
lord_4_28_2	Mauriana	莫里亚娜	SandBox/std_lords	vlandia	F	Lord	PYacMIxz	False	False
lord_V11_l	Berican	伯里康	SandBox/std_lords	vlandia	M	Lord	5g54Smqk	False	False
lord_V11_u	Voleric	沃勒里克	SandBox/std_lords	vlandia	M	Lord	heDA2r49	False	False
lord_V11_c1	Elendara	埃朗达拉	SandBox/std_lords	vlandia	F	Lord	ujbkd52l	False	False
lord_V11_c2	Dagunic	达甘尼克	SandBox/std_lords	vlandia	M	Lord	TbluOCYP	False	False
lord_5_1	Caladog	卡拉多格	SandBox/std_lords	battania	M	Lord	w51wGx4b	False	False
lord_5_7	Mengus	门格斯	Native/std_common_strings	battania	M	Lord	SFybYZNK	False	False
lord_5_1_1	Merag	梅拉格	SandBox/std_lords	battania	F	Lord	aznyxfae	False	False
lord_5_3	Ergeon	埃尔贡	Native/std_common_strings	battania	M	Lord	cL1lO5iP	False	False
lord_5_4	Nywin	妮温	SandBox/std_lords	battania	F	Lord	8auuZ79h	False	False
lord_5_3_1	Ranaon	拉瑙恩	SandBox/std_lords	battania	F	Lord	NdkT0eqh	False	False
lord_5_3_2	Ladogual	拉道古尔	SandBox/std_lords	battania	F	Lord	jXIFcw1a	False	False
lord_5_5	Melidir	梅利迪尔	Native/std_common_strings	battania	M	Lord	d8D98oFG	False	False
lord_5_5_1	Eilidh	埃莉德	SandBox/std_lords	battania	F	Lord	ooIX4QHL	False	False
lord_5_6	Alcaea	阿尔凯娅	SandBox/std_lords	empire	F	Lord	7ayj6WAw	False	False
lord_5_8	Sein	塞因	Native/std_common_strings	battania	M	Lord	Xnngcfg9	False	False
lord_5_9	Culharn	库尔哈恩	Native/std_common_strings	battania	M	Lord	0CQgia2a	False	False
lord_5_91	Tegan	特甘	SandBox/std_lords	battania	M	Lord	KNppNkHr	False	False
lord_5_10	Corein	科林	SandBox/std_lords	battania	F	Lord	ebQiU2wT	False	False
lord_5_11	Alynneth	阿琳妮丝	SandBox/std_lords	battania	F	Lord	ALYCFEZR	False	False
lord_5_12	Wythuin	维苏茵	SandBox/std_lords	battania	F	Lord	gnGxp46c	False	False
lord_5_13	Muinser	明瑟	Native/std_common_strings	battania	M	Lord	tCTzsaIu	False	False
lord_5_131	Rath	拉奇	SandBox/std_lords	battania	M	Lord	D2aRzMRF	False	False
lord_5_13_1	Beasag	贝阿莎格	SandBox/std_lords	battania	F	Lord	Rlx9ndwy	False	False
lord_5_15	Pryndor	普林多尔	Native/std_common_strings	battania	M	Lord	tHtt3HCn	False	False
lord_5_15_1	Floraidh	弗洛赖德	SandBox/std_lords	battania	F	Lord	JTSWHkvd	False	False
lord_5_15_2	Beitrin	贝特林	SandBox/std_lords	battania	M	Lord	94xDbGvf	False	False
lord_5_15_3	Diarbhain	迪亚布海因	SandBox/std_lords	battania	F	Lord	CfuGI5RK	False	False
lord_5_14	Luichan	卢伊汉	Native/std_common_strings	battania	M	Lord	bDMmX9YI	False	False
lord_5_14_1	Eabyr	埃比尔	SandBox/std_lords	battania	F	Lord	3BSUgBh3	False	False
lord_5_16	Aeron	埃隆	SandBox/std_lords	battania	M	Lord	Al1FEd8h	False	False
lord_5_16_1	Liasin	莉亚欣	SandBox/std_lords	battania	F	Lord	8LXDxyr2	False	False
lord_5_16_2	Gawen	加汶	SandBox/std_lords	battania	F	Lord	sh1o5nEe	False	False
lord_5_17	Aradwyr	阿拉德维尔	SandBox/std_lords	battania	M	Lord	kuOs90Uh	False	False
lord_5_17_1	Brighan	布丽甘	SandBox/std_lords	battania	F	Lord	oPN4vTKh	False	False
lord_5_18	Branoc	布兰诺克	SandBox/std_lords	battania	M	Lord	Hf70w27i	False	False
lord_5_18_1	Seonag	肖娜格	SandBox/std_lords	battania	F	Lord	A3LSuoBu	False	False
lord_5_19	Fenagan	费纳甘	SandBox/std_lords	battania	M	Lord	gyqSk2Mp	False	False
lord_5_20	Siaramus	夏拉穆斯	SandBox/std_lords	battania	M	Lord	cdViCKs7	False	False
lord_5_21	Carfyd	卡费德	Native/std_common_strings	battania	M	Lord	4MwHbMFs	False	False
lord_5_21_1	Beathag	贝阿塔格	Native/std_common_strings	battania	F	Lord	CS4unEGi	False	False
lord_5_21_2	Taorse	蒂尔谢	SandBox/std_lords	battania	F	Lord	eRhu9Lbf	False	False
lord_5_22	Fiarad	费亚拉德	Native/std_common_strings	battania	M	Lord	TbQ9w13e	False	False
lord_B8_l	Maireas	毛蕾阿斯	SandBox/std_lords	battania	F	Lord	oyb1LMDs	False	False
lord_B8_s	Rodarac	罗达拉克	SandBox/std_lords	battania	M	Lord	Zttbvvxr	False	False
lord_B8_c	Guaran	古兰	SandBox/std_lords	battania	M	Lord	ktPP2R1i	False	False
lord_6_1	Monchug	蒙楚格	Native/std_common_strings	khuzait	M	Lord	Toj0vayQ	False	False
lord_6_2	Anat	阿那特	Native/std_common_strings	khuzait	F	Lord	FLrdHzSf	False	False
lord_6_3	Bagai	拔该	Native/std_common_strings	khuzait	M	Lord	pKf56MdS	False	False
lord_6_4	Mesui	墨速宜	Native/std_common_strings	khuzait	F	Lord	QJq4VAU7	False	False
lord_6_5	Tulag	突剌格	Native/std_common_strings	khuzait	M	Lord	XjMsnpgS	False	False
lord_6_51	Khada	喀答	SandBox/std_lords	khuzait	M	Lord	9lFmNG5c	False	False
lord_6_6	Suran	速兰	SandBox/std_lords	khuzait	M	Lord	EPVOYcgH	False	False
lord_6_7	Chaghan	察罕	Native/std_common_strings	khuzait	M	Lord	uducgNbf	False	False
lord_6_8	Esur	额速儿	SandBox/std_lords	khuzait	M	Lord	mSV1FBu1	False	False
lord_6_81	Nayantai	纳延泰	SandBox/std_lords	khuzait	M	Lord	EptYW9tj	False	False
lord_6_9	Temun	帖蒙	Native/std_common_strings	khuzait	M	Lord	aSNUtnbH	False	False
lord_6_10	Alijin	阿丽真	SandBox/std_lords	khuzait	F	Lord	2RGc09o0	False	False
lord_6_101	Bolat	博剌特	SandBox/std_lords	khuzait	F	Lord	MbnZZE0G	False	False
lord_6_11	Yana	雅那	Native/std_common_strings	khuzait	F	Lord	YUoydtNS	False	False
lord_6_12	Abagai	阿巴该	Native/std_common_strings	khuzait	F	Lord	m9ZgghCo	False	False
lord_6_13	Bortu	孛儿图	Native/std_common_strings	khuzait	M	Lord	AAqB4QxB	False	False
lord_6_15	Oragur	斡剌古儿	Native/std_common_strings	khuzait	M	Lord	2OqAomZy	False	False
lord_6_15_1	Khorijin	豁力真	SandBox/std_lords	khuzait	F	Lord	3a8sskoz	False	False
lord_6_15_2	Sechen	辞成	SandBox/std_lords	khuzait	F	Lord	rBjsDVgz	False	False
lord_6_16	Hurunag	呼鲁那格	Native/std_common_strings	khuzait	M	Lord	cdmrCQfC	False	False
lord_6_16_1	Chambui	察木步亦	Native/std_common_strings	khuzait	F	Lord	bVAPtfVG	False	False
lord_6_16_2	Unagen	兀那根	SandBox/std_lords	khuzait	F	Lord	hzUbrsG6	False	False
lord_6_17	Akrum	阿克鲁木	SandBox/std_lords	khuzait	M	Lord	DVtqrS0T	False	False
lord_6_17_1	Ergene	额儿格捏	SandBox/std_lords	khuzait	F	Lord	JZvihMbB	False	False
lord_6_17_2	Yesum	也苏木	SandBox/std_lords	khuzait	F	Lord	VGxQ98Tp	False	False
lord_6_18	Ilatar	亦剌塔儿	SandBox/std_lords	khuzait	M	Lord	JjGuU6Tt	False	False
lord_6_18_1	Tilun	惕伦	SandBox/std_lords	khuzait	F	Lord	JjK987wB	False	False
lord_6_18_2	Chagun	察衮	Native/std_common_strings	khuzait	F	Lord	RoKwj5XN	False	False
lord_6_19	Kanujan	合努占	SandBox/std_lords	khuzait	M	Lord	TAGefbaW	False	False
lord_6_19_1	Sokhatai	锁合台	SandBox/std_lords	khuzait	F	Lord	9iyfFTok	False	False
lord_6_19_2	Korte	廓儿帖	SandBox/std_lords	khuzait	F	Lord	2jTyvL4y	False	False
lord_6_20	Taslur	达思鲁儿	SandBox/std_lords	khuzait	M	Lord	haAlaU7N	False	False
lord_6_20_1	Jigur	吉固	SandBox/std_lords	khuzait	F	Lord	KDznbXh9	False	False
lord_K8_u	Boronchar	孛容察儿	SandBox/std_lords	khuzait	M	Lord	aVfnZMt6	False	False
lord_6_21	Ulman	乌勒曼	SandBox/std_lords	khuzait	M	Lord	0YZQ8vr8	False	False
lord_6_21_1	Esachei	额撒彻	SandBox/std_lords	khuzait	F	Lord	cqu8MATS	False	False
lord_6_22	Achaku	阿察库	SandBox/std_lords	khuzait	M	Lord	p7kYHNDJ	False	False
lord_6_22_1	Eselen	额色楞	SandBox/std_lords	khuzait	F	Lord	GysebVMW	False	False
lord_6_23	Kinteg	斤帖格	SandBox/std_lords	khuzait	M	Lord	IWI3T6zi	False	False
lord_6_24	Mehir	墨恢儿	SandBox/std_lords	khuzait	M	Lord	p9nM7XwG	False	False
lord_K9_l	Gusukan	古速坎	Native/std_common_strings	khuzait	M	Lord	e0iDOkUq	False	False
lord_K9_s	Sevin	辞温	SandBox/std_lords	khuzait	F	Lord	I6pJg72E	False	False
lord_K9_c1	Altu	阿勒涂	SandBox/std_lords	khuzait	M	Lord	bEKtDbS0	False	False
lord_K9_c2	Mela	墨剌	SandBox/std_lords	khuzait	F	Lord	vDqbZTbb	False	False
lord_4_26_1	Reingarda	赖因加达	SandBox/std_lords	vlandia	F	Lord	uD0BU83l	False	False
