kingdom_id	english	chinese	chinese_short	cn_source	owner_hero	owner_display	title	notes
empire	Northern Empire	北帝国	北帝国	SandBox/std_kingdoms + Native/std_common_strings	lord_1_1	卢孔	（元老）	帝国分裂后北境正统；纠命名冲突见"帝国"词条
empire_w	Western Empire	西帝国	西帝国	SandBox/std_kingdoms	lord_1_7	加里俄斯	（元老）	加里俄斯统治西境三分之一纪元
empire_s	Southern Empire	南帝国	南帝国	SandBox/std_kingdoms	lord_1_14	拉盖娅	（元老）	拉盖娅与两位前任统治帝国
sturgia	Sturgia	斯特吉亚	斯特吉亚	SandBox/std_kingdoms	lord_2_1	朗瓦德	大公	北方诸部；统治者号"大公"
aserai	Aserai	阿塞莱	阿塞莱	SandBox/std_kingdoms	lord_3_1	温吉德	苏丹	沙漠诸族；统治者号"苏丹"
vlandia	Vlandia	瓦兰迪亚	瓦兰迪亚	SandBox/std_kingdoms	lord_4_1	德泰尔	国王	劳民望族；统治者号"国王"
battania	Battania	巴旦尼亚	巴旦尼亚	SandBox/std_kingdoms	lord_5_1	卡拉多格	至高王	林间诸氏族；统治者号"至高王"
khuzait	Khuzait	库赛特	库赛特	SandBox/std_kingdoms	lord_6_1	蒙楚格	可汗	草原游牧诸部；统治者号"可汗"
imperial_empire	Empire (unified)	帝国的昔日统一体	帝国	SandBox/std_kingdoms	-	-	-	分裂前的名称统一体，作历史语境用
neutral	Neutral	中立	中立	Native/std_common_strings	-	-	-	非派系/第三方语境
outlaws	Bandits / Outlaws	亡命之徒/盗匪	亡命徒	Native/std_common_strings	-	-	-	非王国，林贼匪寇等阵营