code	type	english	chinese	cn_source	has_latin_in_cn	same_as_english	notes
lord_3_3	hero	Adram	阿德拉姆	Native/std_common_strings	False	False	主题角色；王国：阿塞莱
lord_5_16	hero	Aeron	埃隆	SandBox/std_lords	False	False	主题角色；王国：巴旦尼亚
lord_4_3	hero	Aldric	阿尔德里克	Native/std_common_strings	False	False	主题角色；王国：瓦兰迪亚
lord_1_9	hero	Apys	阿庇斯	Native/std_common_strings	False	False	主题角色；王国：西帝国
lord_5_17	hero	Aradwyr	阿拉德维尔	SandBox/std_lords	False	False	主题角色；王国：巴旦尼亚
lord_2_2	hero	Asta	阿丝塔	Native/std_common_strings	False	False	主题角色；王国：斯特吉亚
lord_V11_l	hero	Berican	伯里康	SandBox/std_lords	False	False	主题角色；王国：瓦兰迪亚
lord_5_1	hero	Caladog	卡拉多格	SandBox/std_lords	False	False	主题角色；王国：巴旦尼亚
lord_4_6	hero	Calatild	卡拉蒂尔德	Native/std_common_strings	False	False	主题角色；王国：瓦兰迪亚
lord_1_11	hero	Crotor	克洛托耳	Native/std_common_strings	False	False	主题角色；王国：西帝国
lord_4_1	hero	Derthert	德泰尔	SandBox/std_lords	False	False	主题角色；王国：瓦兰迪亚
lord_5_3	hero	Ergeon	埃尔贡	Native/std_common_strings	False	False	主题角色；王国：巴旦尼亚
lord_2_18	hero	Fafen	法芬	SandBox/std_lords	False	False	主题角色；王国：斯特吉亚
lord_1_7	hero	Garios	加里俄斯	SandBox/std_lords	False	False	主题角色；王国：西帝国
lord_2_5	hero	Godun	戈敦	SandBox/std_lords	False	False	主题角色；王国：斯特吉亚
lord_3_22	hero	Hashan	哈珊	Native/std_common_strings	False	False	主题角色；王国：阿塞莱
lord_4_16	hero	Ingalther	因加泰尔	Native/std_common_strings	False	False	主题角色；王国：瓦兰迪亚
lord_1_37	hero	Ira	伊拉	Native/std_common_strings	False	False	主题角色；王国：南帝国
lord_3_2	hero	Jinda	金达	Native/std_common_strings	False	False	主题角色；王国：阿塞莱
lord_2_1	hero	Raganvad	朗瓦德	SandBox/std_lords	False	False	主题角色；王国：斯特吉亚
lord_5_14	hero	Luichan	卢伊汉	Native/std_common_strings	False	False	主题角色；王国：巴旦尼亚
lord_1_1	hero	Lucon	卢孔	SandBox/std_lords	False	False	主题角色；王国：北帝国
lord_B8_l	hero	Maireas	毛蕾阿斯	SandBox/std_lords	False	False	主题角色；王国：巴旦尼亚
lord_1_3	hero	Manteos	曼忒俄斯	SandBox/std_lords	False	False	主题角色；王国：北帝国
lord_5_5	hero	Melidir	梅利迪尔	Native/std_common_strings	False	False	主题角色；王国：巴旦尼亚
lord_6_4	hero	Mesui	墨速宜	Native/std_common_strings	False	False	主题角色；王国：库赛特
lord_1_47_1	hero	Mina	弥娜	Native/std_common_strings	False	False	主题角色；王国：南帝国
lord_6_1	hero	Monchug	蒙楚格	Native/std_common_strings	False	False	主题角色；王国：库赛特
lord_2_3	hero	Olek	奥列克	SandBox/std_lords	False	False	主题角色；王国：斯特吉亚
lord_1_27	hero	Patyr	帕堤耳	SandBox/std_lords	False	False	主题角色；王国：南帝国
lord_1_5	hero	Penton	彭同	Native/std_common_strings	False	False	主题角色；王国：北帝国
lord_1_15	hero	Pharon	法戎	SandBox/std_lords	False	False	主题角色；王国：南帝国
lord_5_15	hero	Pryndor	普林多尔	Native/std_common_strings	False	False	主题角色；王国：巴旦尼亚
lord_1_14	hero	Rhagaea	拉盖娅	SandBox/std_lords	False	False	主题角色；王国：南帝国
lord_3_5	hero	Tais	泰伊斯	SandBox/std_lords	False	False	主题角色；王国：阿塞莱
lord_1_75	hero	Thephilos	忒斐罗斯	SandBox/std_lords	False	False	主题角色；王国：西帝国
lord_2_20	hero	Tovir	托维尔	SandBox/std_lords	False	False	主题角色；王国：斯特吉亚
lord_6_5	hero	Tulag	突剌格	Native/std_common_strings	False	False	主题角色；王国：库赛特
lord_1_30	hero	Turiados	图里亚多斯	Native/std_common_strings	False	False	主题角色；王国：南帝国
lord_1_47	hero	Ulbos	乌尔玻斯	SandBox/std_lords	False	False	主题角色；王国：南帝国
lord_3_1	hero	Unqid	温吉德	SandBox/std_lords	False	False	主题角色；王国：阿塞莱
lord_2_19	hero	Vashorki	瓦舍尔基	Native/std_common_strings	False	False	主题角色；王国：斯特吉亚
lord_1_8	hero	Vendelia	文得利娅	Native/std_common_strings	False	False	主题角色；王国：西帝国
lord_2_17	hero	Vyldur	维杜尔	SandBox/std_lords	False	False	主题角色；王国：斯特吉亚
lord_2_16	hero	Yorig	约里格	Native/std_common_strings	False	False	主题角色；王国：斯特吉亚
lord_1_2	hero	Zerosica	泽洛西卡	Native/std_common_strings	False	False	主题角色；王国：北帝国
lord_5_7	hero	Mengus	门格斯	Native/std_common_strings	False	False	卡拉多格子嗣与继承人
lord_5_10	hero	Corein	科林	SandBox/std_lords	False	False	卡拉多格之女
lord_1_34	hero	Nadea	那得娅	Native/std_common_strings	False	False	加里俄斯之女
clan_empire_west_1	clan	Comnos	科穆诺斯	SandBox/std_spclans	False	False	西帝国统治家族；族长 lord_1_7 加里俄斯
clan_aserai_1	clan	Banu Hulyan	巴努·胡勒延	SandBox/std_spclans	False	False	官方氏族名
clan_aserai_2	clan	Banu Sarran	巴努·萨兰	SandBox/std_spclans	False	False	官方氏族名
clan_aserai_3	clan	Banu Qild	巴努·吉勒德	SandBox/std_spclans	False	False	官方氏族名；族长 lord_3_5 泰伊斯
clan_aserai_4	clan	Banu Qaraz	巴努·卡拉兹	SandBox/std_spclans	False	False	官方氏族名；族长 lord_3_16 苏鲁克
clan_aserai_5	clan	Banu Arbas	巴努·阿巴斯	SandBox/std_spclans	False	False	官方氏族名；族长 lord_3_17 伊亚拉斯
clan_aserai_6	clan	Banu Atij	巴努·阿提吉	SandBox/std_spclans	False	False	官方氏族名；族长 lord_3_18 塔拉斯
clan_aserai_7	clan	Banu Sarmal	巴努·萨马勒	SandBox/std_spclans	False	False	官方氏族名；族长 lord_3_19 奥赞
clan_aserai_8	clan	Banu Habbab	巴努·哈巴卜	SandBox/std_spclans	False	False	官方氏族名
clan_aserai_9	clan	Banu Ruwaid	巴努·鲁瓦	SandBox/std_spclans	False	False	官方氏族名；族长 lord_A9_l 阿卡尔
clan_battania_1	clan	fen Gruffendoc	芬·格鲁芬多克	SandBox/std_spclans	False	False	官方氏族名；卡拉多格所出王族
clan_battania_2	clan	fen Derngil	芬·登吉尔	SandBox/std_spclans	False	False	官方氏族名
clan_battania_3	clan	fen Uvain	芬·乌万	SandBox/std_spclans	False	False	官方氏族名
clan_battania_4	clan	fen Penraic	芬·潘拉克	SandBox/std_spclans	False	False	官方氏族名
clan_battania_5	clan	fen Giall	芬·吉尔	SandBox/std_spclans	False	False	官方氏族名
clan_battania_6	clan	fen Eingal	芬·埃因加尔	SandBox/std_spclans	False	False	官方氏族名
clan_battania_7	clan	fen Morcar	芬·莫卡尔	SandBox/std_spclans	False	False	官方氏族名
clan_battania_8	clan	fen Caernacht	芬·凯尔纳奇	SandBox/std_spclans	False	False	官方氏族名
clan_empire_north_1	clan	Osticos	俄斯提科斯	SandBox/std_spclans	False	False	官方氏族名
clan_empire_north_2	clan	Argoros	阿耳戈洛斯	SandBox/std_spclans	False	False	官方氏族名
clan_empire_north_3	clan	Neretzes	涅雷采斯	SandBox/std_spclans	False	False	官方氏族名
clan_empire_south_1	clan	Pethros	珀特洛斯	SandBox/std_spclans	False	False	官方氏族名
clan_empire_south_2	clan	Leonipardes	列奥尼帕得斯	SandBox/std_spclans	False	False	官方氏族名
clan_empire_south_3	clan	Mestricaros	墨斯特里卡洛斯	SandBox/std_spclans	False	False	官方氏族名
clan_empire_south_4	clan	Hongeros	翁革洛斯	SandBox/std_spclans	False	False	官方氏族名
clan_empire_west_2	clan	Varros	瓦罗斯	SandBox/std_spclans	False	False	官方氏族名
clan_empire_west_3	clan	Dionicos	狄俄尼科斯	SandBox/std_spclans	False	False	官方氏族名
clan_khuzait_1	clan	Urkhunait	兀儿浑乃特	SandBox/std_spclans	False	False	官方氏族名
clan_khuzait_2	clan	Khergit	库吉特	SandBox/std_spclans	False	False	官方氏族名
clan_khuzait_3	clan	Arkit	阿契特	SandBox/std_spclans	False	False	官方氏族名
clan_khuzait_4	clan	Tigrit	帖克力特	SandBox/std_spclans	False	False	官方氏族名；族长 lord_6_16 呼鲁那格
clan_khuzait_5	clan	Harfit	合儿必特	SandBox/std_spclans	False	False	官方氏族名
clan_khuzait_6	clan	Baltait	巴鲁台特	SandBox/std_spclans	False	False	官方氏族名
clan_khuzait_7	clan	Koltit	阔勒帖特	SandBox/std_spclans	False	False	官方氏族名
clan_khuzait_8	clan	Yanserit	颜赛力特	SandBox/std_spclans	False	False	官方氏族名
clan_khuzait_9	clan	Oburit	斡不力特	SandBox/std_spclans	False	False	官方氏族名
clan_sturgia_1	clan	Gundaroving	贡达罗夫	SandBox/std_spclans	False	False	官方氏族名
clan_sturgia_2	clan	Kuloving	库洛夫	SandBox/std_spclans	False	False	官方氏族名；奥列克所在氏族、与朗瓦德家世仇
clan_sturgia_3	clan	Vagiroving	瓦吉罗夫	SandBox/std_spclans	False	False	官方氏族名
clan_sturgia_4	clan	Ormidoving	奥米多夫	SandBox/std_spclans	False	False	官方氏族名
clan_sturgia_5	clan	Togaroving	托加罗夫	SandBox/std_spclans	False	False	官方氏族名
clan_sturgia_6	clan	Isyaroving	伊夏罗夫	SandBox/std_spclans	False	False	官方氏族名
clan_sturgia_7	clan	Vezhoving	维若夫	SandBox/std_spclans	False	False	官方氏族名
clan_sturgia_8	clan	Ubroving	乌布罗夫	SandBox/std_spclans	False	False	官方氏族名
clan_sturgia_9	clan	Kostoroving	科斯托罗夫	SandBox/std_spclans	False	False	官方氏族名；族长 lord_S9_l 罗兰
clan_vlandia_11	clan	dey Rothad	戴·洛塔德	SandBox/std_spclans	False	False	官方氏族名
clan_vlandia_1	clan	dey Meroc	戴·梅罗克	SandBox/std_spclans	False	False	官方氏族名；王朝族，国王 lord_4_1 德泰尔
clan_vlandia_2	clan	dey Tihr	戴·提哈	SandBox/std_spclans	False	False	官方氏族名
clan_vlandia_3	clan	dey Arromanc	戴·阿罗曼克	SandBox/std_spclans	False	False	官方氏族名
clan_vlandia_4	clan	dey Cortain	戴·科尔坦	SandBox/std_spclans	False	False	官方氏族名
clan_vlandia_5	clan	dey Gunric	戴·贡里克	SandBox/std_spclans	False	False	官方氏族名；族长 lord_4_21 奥斯皮尔
clan_vlandia_6	clan	dey Valant	戴·瓦朗	SandBox/std_spclans	False	False	官方氏族名；族长 lord_4_22 塞尔维克
clan_vlandia_7	clan	dey Fortes	戴·佛特斯	SandBox/std_spclans	False	False	官方氏族名；族长 lord_4_23 贝尔吉尔
clan_vlandia_8	clan	dey Molarn	戴·莫拉恩	SandBox/std_spclans	False	False	官方氏族名；族长 lord_4_24 赫卡尔
clan_vlandia_9	clan	dey Jelind	戴·热兰	SandBox/std_spclans	False	False	官方氏族名；族长 lord_4_27 瓦尔坦
clan_vlandia_10	clan	dey Folcun	戴·佛尔坎	SandBox/std_spclans	False	False	官方氏族名；族长 lord_4_28 埃卡朗
lord_2_12	hero	Svana	斯瓦娜	Native/std_common_strings	False	False	主题角色；王国：斯特吉亚
lord_3_11	hero	Arwa	阿尔瓦	Native/std_common_strings	False	False	主题角色；王国：阿塞莱
lord_6_11	hero	Yana	雅那	Native/std_common_strings	False	False	主题角色；王国：库赛特
lord_6_12	hero	Abagai	阿巴该	Native/std_common_strings	False	False	主题角色；王国：库赛特
