code	type	english	chinese	cn_source	has_latin_in_cn	same_as_english	sandbox_en_key
castle_EN1	castle	Varagos Castle	瓦拉戈斯堡	Native/std_common_strings	False	False	False
village_V1_2	village	Etirfurd	埃蒂尔菲德	SandBox/std_settlements	False	False	True
village_V1_1	village	Calioc	卡利奥克	Native/std_common_strings	False	False	False
town_V1	town	Sargot	萨哥特	Native/std_common_strings	False	False	False
castle_village_V8_1	village	Verecsand	韦雷克桑	Native/std_common_strings	False	False	False
castle_V8	castle	Verecsand Castle	韦雷克桑堡	Native/std_common_strings	False	False	False
castle_village_V7_1	village	Talivel	塔利维尔	Native/std_common_strings	False	False	False
castle_V7	castle	Talivel Castle	塔利维尔堡	Native/std_common_strings	False	False	False
castle_village_V6_2	village	Deriat	德里亚特	Native/std_common_strings	False	False	False
castle_village_V6_1	village	Caleus	卡琉斯	Native/std_common_strings	False	False	False
castle_village_V7_2	village	Rodetan	罗德唐	Native/std_common_strings	False	False	False
castle_V6	castle	Caleus Castle	卡琉斯堡	Native/std_common_strings	False	False	False
castle_village_V5_1	village	Tirby	蒂尔比	Native/std_common_strings	False	False	False
castle_V5	castle	Tirby Castle	蒂尔比堡	Native/std_common_strings	False	False	False
castle_village_V4_1	village	Ormanfard	奥曼法德	Native/std_common_strings	False	False	False
castle_V4	castle	Ormanfard Castle	奥曼法德堡	Native/std_common_strings	False	False	False
castle_village_V3_1	village	Drapand	德拉庞	Native/std_common_strings	False	False	False
castle_V3	castle	Drapand Castle	德拉庞堡	Native/std_common_strings	False	False	False
castle_village_V2_2	village	Ferton	费顿	Native/std_common_strings	False	False	False
castle_village_V2_1	village	Hongard	翁加尔	Native/std_common_strings	False	False	False
castle_V2	castle	Hongard Castle	翁加尔堡	Native/std_common_strings	False	False	False
castle_village_V5_2	village	Sirindac	西岚达克	Native/std_common_strings	False	False	False
town_V2	town	Ocs Hall	奥克斯·霍尔	Native/std_common_strings	False	False	False
village_V2_1	village	Mareiven	马雷汶	Native/std_common_strings	False	False	False
village_V2_2	village	Oritan	奥里唐	Native/std_common_strings	False	False	False
village_V8_1	village	Horsger	奥尔斯热	Native/std_common_strings	False	False	False
town_V8	town	Ostican	奥斯蒂港	Native/std_common_strings	False	False	False
village_V7_2	village	Vesin	韦桑	Native/std_common_strings	False	False	False
village_V7_1	village	Savinth	萨万特	Native/std_common_strings	False	False	False
town_V7	town	Charas	沙拉斯	Native/std_common_strings	False	False	False
village_V6_4	village	Chornad	绍尔纳	Native/std_common_strings	False	False	False
village_V6_3	village	Alorstan	阿洛斯唐	Native/std_common_strings	False	False	False
village_V6_2	village	Mot	莫特	Native/std_common_strings	False	False	False
village_V6_1	village	Arromanc	阿罗曼克	Native/std_common_strings	False	False	False
town_V6	town	Jaculan	杰屈朗	Native/std_common_strings	False	False	False
village_V5_3	village	Nogrent	诺格伦	Native/std_common_strings	False	False	False
village_V5_2	village	Meroc	梅罗克	Native/std_common_strings	False	False	False
village_V5_1	village	Furbec	菲尔贝克	Native/std_common_strings	False	False	False
town_V5	town	Galend	加伦	Native/std_common_strings	False	False	False
village_V3_4	village	Palisont	帕利松	Native/std_common_strings	False	False	False
village_V3_3	village	Larnac	拉尔纳克	Native/std_common_strings	False	False	False
village_V3_2	village	Rulund	鲁兰德	Native/std_common_strings	False	False	False
castle_village_V3_2	village	Valanby	瓦朗比	Native/std_common_strings	False	False	False
town_V3	town	Pravend	帕拉汶德	Native/std_common_strings	False	False	False
castle_village_V8_2	village	Marin	马林	Native/std_common_strings	False	False	False
village_V2_3	village	Fregian	弗雷吉昂	Native/std_common_strings	False	False	False
castle_village_V1_1	village	Usanc	于桑克	Native/std_common_strings	False	False	False
village_V8_2	village	Cananc	卡南克	Native/std_common_strings	False	False	False
castle_V1	castle	Usanc Castle	于桑克堡	Native/std_common_strings	False	False	False
village_A8_1	village	Ezbet Nahul	艾兹贝特·纳胡勒	Native/std_common_strings	False	False	False
village_A2_2	village	Abu Khih	艾布·希	Native/std_common_strings	False	False	False
castle_village_A6_2	village	Lamesa	拉迈萨	Native/std_common_strings	False	False	False
town_A2	town	Husn Fulq	侯森·富勒格	Native/std_common_strings	False	False	False
village_A1_4	village	Hiblet	希卜莱特	Native/std_common_strings	False	False	False
castle_village_A1_2	village	Fanab	法纳卜	Native/std_common_strings	False	False	False
village_A1_2	village	Baq	巴格	Native/std_common_strings	False	False	False
village_A1_1	village	Tasheba	塔舍巴	Native/std_common_strings	False	False	False
town_A1	town	Quyaz	古亚兹	Native/std_common_strings	False	False	False
castle_village_A9_1	village	Barihal	巴里哈勒	Native/std_common_strings	False	False	False
village_A2_3	village	Hoqqa	胡加	Native/std_common_strings	False	False	False
castle_A9	castle	Barihal Castle	巴里哈勒堡	Native/std_common_strings	False	False	False
castle_A8	castle	Tamnuh Castle	坦姆努堡	Native/std_common_strings	False	False	False
castle_village_A7_2	village	Bunqaz	本盖兹	Native/std_common_strings	False	False	False
castle_village_A7_1	village	Uqba	乌格巴	Native/std_common_strings	False	False	False
castle_A7	castle	Uqba Castle	乌格巴堡	Native/std_common_strings	False	False	False
castle_village_A6_1	village	Shibal Zumr	希巴勒·祖姆尔	Native/std_common_strings	False	False	False
castle_A6	castle	Shibal Zumr Castle	希巴勒·祖姆尔堡	Native/std_common_strings	False	False	False
castle_village_A5_1	village	Jamayeh	贾迈耶	Native/std_common_strings	False	False	False
castle_A5	castle	Jamayeh Castle	贾迈耶堡	Native/std_common_strings	False	False	False
castle_village_A4_2	village	Qidnar	吉德纳尔	Native/std_common_strings	False	False	False
castle_village_A8_1	village	Tamnuh	坦姆努	Native/std_common_strings	False	False	False
town_A3	town	Iyakis	以亚基斯	Native/std_common_strings	False	False	False
village_A3_1	village	Abba	阿卜巴	Native/std_common_strings	False	False	False
castle_village_A5_2	village	Hunab	侯纳卜	Native/std_common_strings	False	False	False
town_A8	town	Qasira	加西拉	Native/std_common_strings	False	False	False
village_A7_4	village	Zalm	扎勒姆	Native/std_common_strings	False	False	False
village_A7_3	village	Mabwaz	马卜瓦兹	Native/std_common_strings	False	False	False
village_A7_2	village	Bait Hatif	拜特·哈提夫	Native/std_common_strings	False	False	False
castle_village_A9_2	village	Wadar	瓦达尔	Native/std_common_strings	False	False	False
town_A7	town	Askar	阿斯凯尔	Native/std_common_strings	False	False	False
village_A6_4	village	Nahlan	纳赫兰	Native/std_common_strings	False	False	False
village_A6_3	village	Jahasim	贾哈西姆	Native/std_common_strings	False	False	False
village_A6_2	village	Hamoshawat	哈穆沙瓦	Native/std_common_strings	False	False	False
village_A6_1	village	Mijayit	米贾伊特	Native/std_common_strings	False	False	False
town_A6	town	Sanala	撒纳拉	Native/std_common_strings	False	False	False
village_A5_3	village	Waltas	瓦勒塔斯	Native/std_common_strings	False	False	False
village_A5_2	village	Liwas	利瓦斯	Native/std_common_strings	False	False	False
village_A5_1	village	Mahloul	马赫卢勒	Native/std_common_strings	False	False	False
town_A5	town	Hubyar	胡比亚	Native/std_common_strings	False	False	False
village_A4_4	village	Doqa	多加	Native/std_common_strings	False	False	False
castle_village_A8_2	village	Kuqa	库加	Native/std_common_strings	False	False	False
village_A4_2	village	Mussum	穆苏姆	Native/std_common_strings	False	False	False
village_A4_1	village	Qablab	加卜拉卜	Native/std_common_strings	False	False	False
town_A4	town	Razih	拉齐赫	Native/std_common_strings	False	False	False
village_A3_3	village	Bir Seif	比尔·赛义夫	Native/std_common_strings	False	False	False
village_A8_2	village	Abghan	阿卜甘	Native/std_common_strings	False	False	False
village_V8_3	village	Remental	勒芒塔尔	Native/std_common_strings	False	False	False
town_V9	town	Rovalt	罗瓦尔	Native/std_common_strings	False	False	False
village_V9_1	village	Alantas	阿兰塔斯	Native/std_common_strings	False	False	False
village_K1_1	village	Fisnar	菲斯纳尔	Native/std_common_strings	False	False	False
town_K1	town	Baltakhand	巴尔塔罕	Native/std_common_strings	False	False	False
castle_village_K9_2	village	Payam	帕亚木	Native/std_common_strings	False	False	False
castle_village_K9_1	village	Kaysar	开撒尔	Native/std_common_strings	False	False	False
castle_K9	castle	Kaysar Castle	开撒尔堡	Native/std_common_strings	False	False	False
castle_village_K8_1	village	Erzenur	埃泽努尔	Native/std_common_strings	False	False	False
castle_K8	castle	Erzenur Castle	埃泽努尔堡	Native/std_common_strings	False	False	False
castle_village_K7_1	village	Simira	西米拉	Native/std_common_strings	False	False	False
castle_K7	castle	Simira Castle	西米拉堡	Native/std_common_strings	False	False	False
village_K1_2	village	Ulaan	乌兰	Native/std_common_strings	False	False	False
castle_village_K6_2	village	Karahalli	喀拉哈力	Native/std_common_strings	False	False	False
castle_K6	castle	Dinar Castle	迪纳尔堡	Native/std_common_strings	False	False	False
castle_village_K5_1	village	Khimli	希木利	Native/std_common_strings	False	False	False
castle_K5	castle	Khimli Castle	希木利堡	Native/std_common_strings	False	False	False
castle_village_K4_1	village	Tepes	泰佩斯	Native/std_common_strings	False	False	False
castle_K4	castle	Tepes Castle	泰佩斯堡	Native/std_common_strings	False	False	False
castle_village_K3_1	village	Hakkun	哈坤	Native/std_common_strings	False	False	False
castle_K3	castle	Hakkun Castle	哈坤堡	Native/std_common_strings	False	False	False
castle_village_K2_1	village	Akiser	阿契赛尔	Native/std_common_strings	False	False	False
castle_K2	castle	Akiser Castle	阿契赛尔堡	Native/std_common_strings	False	False	False
castle_village_K6_1	village	Dinar	迪纳尔	Native/std_common_strings	False	False	False
castle_village_K4_2	village	Kuruluk	库鲁卢克	Native/std_common_strings	False	False	False
village_K1_4	village	Asalig	阿萨利格	Native/std_common_strings	False	False	False
town_K2	town	Akkalat	阿克卡拉特	Native/std_common_strings	False	False	False
village_K6_2	village	Nutyuk	努丘克	Native/std_common_strings	False	False	False
village_K6_1	village	Karahan	喀拉罕	Native/std_common_strings	False	False	False
town_K6	town	Odokh	奥多赫	Native/std_common_strings	False	False	False
village_K5_4	village	Pabastan	帕巴斯坦	Native/std_common_strings	False	False	False
village_K5_3	village	Ispantar	依斯潘塔尔	Native/std_common_strings	False	False	False
village_K5_2	village	Okhutan	奥胡坦	Native/std_common_strings	False	False	False
castle_village_K2_2	village	Kamshar	喀木沙	Native/std_common_strings	False	False	False
town_K5	town	Chaikand	柴坎	Native/std_common_strings	False	False	False
village_K4_4	village	Urunjan	乌伦占	Native/std_common_strings	False	False	False
village_K4_3	village	Mivanjan	米万占	Native/std_common_strings	False	False	False
village_K4_2	village	Ransam	兰萨木	Native/std_common_strings	False	False	False
castle_village_K5_2	village	Omrotok	鄂木罗托克	Native/std_common_strings	False	False	False
town_K4	town	Ortongard	奥通加德	Native/std_common_strings	False	False	False
village_K3_3	village	Mazen	马津	Native/std_common_strings	False	False	False
village_K3_2	village	Hanekhy	哈内希	Native/std_common_strings	False	False	False
village_K3_1	village	Shapeshte	沙佩什特	Native/std_common_strings	False	False	False
town_K3	town	Makeb	马凯布	Native/std_common_strings	False	False	False
castle_village_K3_2	village	Kiraz	基拉兹	Native/std_common_strings	False	False	False
castle_village_K8_2	village	Gereden	格烈登	Native/std_common_strings	False	False	False
village_K2_2	village	Tismil	帖斯密勒	SandBox/std_settlements	False	False	True
village_K2_1	village	Karakalat	喀拉卡拉特	Native/std_common_strings	False	False	False
castle_village_K1_2	village	Esme	埃斯梅	Native/std_common_strings	False	False	False
castle_village_K1_1	village	Usek	乌赛克	Native/std_common_strings	False	False	False
castle_K1	castle	Usek Castle	乌赛克堡	Native/std_common_strings	False	False	False
castle_village_B1_2	village	Inveth	因韦斯	Native/std_common_strings	False	False	False
town_B1	town	Marunath	马鲁纳斯	Native/std_common_strings	False	False	False
castle_village_B8_1	village	Uthelaim	乌瑟莱姆	Native/std_common_strings	False	False	False
castle_B8	castle	Uthelaim Castle	乌瑟莱姆堡	Native/std_common_strings	False	False	False
castle_village_B7_1	village	Aster	阿斯特	Native/std_common_strings	False	False	False
castle_B7	castle	Aster Castle	阿斯特堡	Native/std_common_strings	False	False	False
castle_village_B6_2	village	Glintor	格林托尔	Native/std_common_strings	False	False	False
castle_village_B6_1	village	Flintolg	弗林托格	Native/std_common_strings	False	False	False
castle_B6	castle	Flintolg Castle	弗林托格堡	Native/std_common_strings	False	False	False
castle_village_B5_2	village	Claig Ban	克莱格·班	Native/std_common_strings	False	False	False
castle_village_B5_1	village	Rhemtoil	雷姆托伊尔	Native/std_common_strings	False	False	False
castle_B5	castle	Rhemtoil Castle	雷姆托伊尔堡	Native/std_common_strings	False	False	False
castle_village_B4_1	village	Pendraic	潘德拉克	Native/std_common_strings	False	False	False
castle_B4	castle	Pendraic Castle	潘德拉克堡	Native/std_common_strings	False	False	False
castle_village_B3_1	village	Druimmor	德鲁伊莫尔	Native/std_common_strings	False	False	False
castle_B3	castle	Druimmor Castle	德鲁伊莫尔堡	Native/std_common_strings	False	False	False
castle_village_B2_2	village	Cantrec	坎特雷克	Native/std_common_strings	False	False	False
castle_village_B2_1	village	Llanoc Hen	拉诺克·亨	Native/std_common_strings	False	False	False
castle_B2	castle	Llanoc Hen Castle	拉诺克·亨堡	Native/std_common_strings	False	False	False
castle_village_B1_1	village	Ab Comer	阿布·科梅尔	Native/std_common_strings	False	False	False
castle_B1	castle	Ab Comer Castle	阿布·科梅尔堡	Native/std_common_strings	False	False	False
village_V9_2	village	Halisvust	阿利斯维斯特	Native/std_common_strings	False	False	False
village_B1_1	village	Dalmengus	达尔门格斯	Native/std_common_strings	False	False	False
castle_village_A4_1	village	Medeni	迈代尼	Native/std_common_strings	False	False	False
village_B1_2	village	Ebereth	埃贝雷斯	Native/std_common_strings	False	False	False
village_B1_4	village	Ath Cafal	阿斯·卡瓦尔	Native/std_common_strings	False	False	False
village_B5_3	village	Fenon Etir	韦农·埃蒂尔	Native/std_common_strings	False	False	False
village_B5_2	village	Gainseth	盖恩塞斯	Native/std_common_strings	False	False	False
village_B5_1	village	Durn	杜恩	Native/std_common_strings	False	False	False
town_B5	town	Pen Cannoc	彭·坎诺克	Native/std_common_strings	False	False	False
castle_village_B8_2	village	Seordas	肖尔达斯	Native/std_common_strings	False	False	False
village_B4_4	village	Swenryn	斯温林	Native/std_common_strings	False	False	False
village_B4_3	village	Mag Arba	马格·阿尔巴	Native/std_common_strings	False	False	False
village_B4_2	village	Andurn	安杜恩	Native/std_common_strings	False	False	False
village_B4_1	village	Bryn Glas	布林·格拉斯	Native/std_common_strings	False	False	False
town_B4	town	Seonon	肖农	Native/std_common_strings	False	False	False
castle_village_B3_2	village	Tor Melina	托·梅利纳	Native/std_common_strings	False	False	False
village_B3_3	village	Tor Leiad	托·莱阿德	Native/std_common_strings	False	False	False
village_B3_2	village	Geunat Nal	格纳特·纳尔	Native/std_common_strings	False	False	False
village_B3_1	village	Bog Beth	博格·贝斯	Native/std_common_strings	False	False	False
town_B3	town	Car Banseth	卡·班塞斯	Native/std_common_strings	False	False	False
castle_village_B4_2	village	Lindorn	林杜恩	Native/std_common_strings	False	False	False
castle_village_B7_2	village	Imlagh	伊姆拉赫	Native/std_common_strings	False	False	False
village_B2_3	village	Morihig	莫里希格	Native/std_common_strings	False	False	False
village_B2_2	village	Glenlithrig	格伦利斯里格	Native/std_common_strings	False	False	False
village_B2_1	village	Diantogmail	迪安托格麦尔	Native/std_common_strings	False	False	False
town_B2	town	Dunglanys	邓格拉尼斯	Native/std_common_strings	False	False	False
village_B1_3	village	Beglomuar	贝格洛米艾	Native/std_common_strings	False	False	False
village_K6_3	village	Danara	达纳拉	Native/std_common_strings	False	False	False
castle_A4	castle	Medeni Castle	迈代尼堡	Native/std_common_strings	False	False	False
castle_village_A3_1	village	Ain Baliq	艾因·巴力克	Native/std_common_strings	False	False	False
castle_village_EW6_2	village	Nideon	尼得翁	Native/std_common_strings	False	False	False
village_EW1_2	village	Montos	蒙托斯	Native/std_common_strings	False	False	False
village_EW1_1	village	Primessos	普里墨索斯	Native/std_common_strings	False	False	False
town_EW1	town	Lageta	拉革塔	Native/std_common_strings	False	False	False
castle_village_EW8_1	village	Gersegos	革耳塞戈斯	Native/std_common_strings	False	False	False
castle_EW8	castle	Gersegos Castle	革耳塞戈斯堡	Native/std_common_strings	False	False	False
castle_village_EW7_2	village	Elvania	厄尔凡尼亚	Native/std_common_strings	False	False	False
castle_village_EW7_1	village	Oristocorys	俄里斯托科律斯	Native/std_common_strings	False	False	False
castle_EW7	castle	Oristocorys Castle	俄里斯托科律斯堡	Native/std_common_strings	False	False	False
town_EW2	town	Zeonica	泽翁尼卡	Native/std_common_strings	False	False	False
castle_village_EW6_1	village	Hertogea	赫托该亚	Native/std_common_strings	False	False	False
castle_village_EW5_2	village	Goleryn	戈勒林	Native/std_common_strings	False	False	False
castle_village_EW5_1	village	Veron	维戎	Native/std_common_strings	False	False	False
castle_EW5	castle	Veron Castle	维戎堡	Native/std_common_strings	False	False	False
castle_village_EW4_1	village	Thractorae	色雷刻托	Native/std_common_strings	False	False	False
castle_EW4	castle	Thractorae Castle	色雷刻托堡	Native/std_common_strings	False	False	False
castle_village_EW3_1	village	Onica	俄尼卡	Native/std_common_strings	False	False	False
castle_EW3	castle	Onica Castle	俄尼卡堡	Native/std_common_strings	False	False	False
castle_village_EW2_2	village	Bergum	柏耳贡	Native/std_common_strings	False	False	False
castle_village_EW2_1	village	Thorios	托里俄斯	Native/std_common_strings	False	False	False
castle_EW6	castle	Hertogea Castle	赫托该亚堡	Native/std_common_strings	False	False	False
castle_village_EW3_2	village	Tarcutis	塔耳库提斯	Native/std_common_strings	False	False	False
village_EW2_2	village	Neocorys	涅俄科律斯	Native/std_common_strings	False	False	False
village_EW2_3	village	Alsasos	阿尔萨索斯	Native/std_common_strings	False	False	False
castle_ES2	castle	Corenia Castle	科雷尼亚堡	Native/std_common_strings	False	False	False
castle_village_ES1_1	village	Odrysa	俄德律萨	Native/std_common_strings	False	False	False
castle_ES1	castle	Odrysa Castle	俄德律萨堡	Native/std_common_strings	False	False	False
village_EW6_4	village	Leblenion	勒布伦尼翁	Native/std_common_strings	False	False	False
village_EW6_3	village	Thersenion	忒耳塞尼翁	Native/std_common_strings	False	False	False
castle_village_EW8_2	village	Vathea	瓦忒亚	Native/std_common_strings	False	False	False
village_EW6_1	village	Carphenion	卡耳斐尼翁	Native/std_common_strings	False	False	False
town_EW6	town	Rhotae	洛泰	Native/std_common_strings	False	False	False
village_EW5_2	village	Phasos	法索斯	Native/std_common_strings	False	False	False
village_EW5_1	village	Elipa	厄利帕	Native/std_common_strings	False	False	False
town_EW5	town	Amitatys	阿弥塔堤斯	Native/std_common_strings	False	False	False
village_EW4_4	village	Garengolia	伽伦戈利亚	Native/std_common_strings	False	False	False
village_EW4_3	village	Vinela	维尼拉	Native/std_common_strings	False	False	False
castle_village_EW1_2	village	Lysia	吕西亚	Native/std_common_strings	False	False	False
village_EW4_1	village	Arpotis	阿耳波提斯	Native/std_common_strings	False	False	False
town_EW4	town	Ortysia	俄耳堤西亚	Native/std_common_strings	False	False	False
village_EW3_3	village	Dradios	得拉狄俄斯	Native/std_common_strings	False	False	False
village_EW3_2	village	Aegosca	埃戈斯卡	Native/std_common_strings	False	False	False
castle_village_EW4_2	village	Gamardan	伽玛耳丹	Native/std_common_strings	False	False	False
town_EW3	town	Jalmarys	贾尔马律斯	Native/std_common_strings	False	False	False
village_EW2_4	village	Zeocorys	泽俄科律斯	Native/std_common_strings	False	False	False
castle_EW2	castle	Thorios Castle	托里俄斯堡	Native/std_common_strings	False	False	False
castle_village_ES2_1	village	Corenia	科雷尼亚	Native/std_common_strings	False	False	False
castle_village_EW1_1	village	Garontor	加隆托	Native/std_common_strings	False	False	False
village_EN6_2	village	Boreagora	玻瑞阿戈拉	Native/std_common_strings	False	False	False
castle_village_EN9_2	village	Agalmon	阿加尔蒙	Native/std_common_strings	False	False	False
castle_village_EN9_1	village	Mecalovea	墨卡罗维亚	Native/std_common_strings	False	False	False
castle_EN9	castle	Mecalovea Castle	墨卡罗维亚堡	Native/std_common_strings	False	False	False
castle_village_EN8_2	village	Tememos	特美摩斯	Native/std_common_strings	False	False	False
castle_village_EN8_1	village	Syratos	叙拉托斯	Native/std_common_strings	False	False	False
castle_EN8	castle	Syratos Castle	叙拉托斯堡	Native/std_common_strings	False	False	False
castle_village_EN7_2	village	Pons	庞斯	Native/std_common_strings	False	False	False
castle_village_EN7_1	village	Epinosa	厄毗诺萨	Native/std_common_strings	False	False	False
castle_EN7	castle	Epinosa Castle	厄毗诺萨堡	Native/std_common_strings	False	False	False
town_EN1	town	Epicrotea	厄庇克洛忒亚	Native/std_common_strings	False	False	False
castle_village_EN6_1	village	Ataconia	阿塔科尼亚	Native/std_common_strings	False	False	False
castle_village_EN5_1	village	Atrion	阿特里翁	Native/std_common_strings	False	False	False
castle_EN5	castle	Atrion Castle	阿特里翁堡	Native/std_common_strings	False	False	False
castle_village_EN4_1	village	Gaos	伽俄斯	Native/std_common_strings	False	False	False
castle_EN4	castle	Gaos Castle	伽俄斯堡	Native/std_common_strings	False	False	False
castle_village_EN3_1	village	Rhesos	雷索斯	Native/std_common_strings	False	False	False
castle_EN3	castle	Rhesos Castle	雷索斯堡	Native/std_common_strings	False	False	False
castle_village_EN2_1	village	Lochana	罗卡那	Native/std_common_strings	False	False	False
castle_EN2	castle	Lochana Castle	罗卡那堡	Native/std_common_strings	False	False	False
castle_village_EN1_1	village	Varagos	瓦拉戈斯	Native/std_common_strings	False	False	False
castle_EN6	castle	Ataconia Castle	阿塔科尼亚堡	Native/std_common_strings	False	False	False
village_EN1_1	village	Marathea	马拉忒亚	Native/std_common_strings	False	False	False
village_EN1_2	village	Stathymos	斯塔堤摩斯	Native/std_common_strings	False	False	False
village_EN1_3	village	Gymos	居摩斯	Native/std_common_strings	False	False	False
village_EN6_1	village	Avasinton	阿瓦辛顿	Native/std_common_strings	False	False	False
town_EN6	town	Amprela	安普雷拉	Native/std_common_strings	False	False	False
village_EN5_4	village	Samatha	萨马塔	Native/std_common_strings	False	False	False
castle_village_EN4_2	village	Themys	忒密斯	Native/std_common_strings	False	False	False
village_EN5_2	village	Orthra	俄耳特拉	Native/std_common_strings	False	False	False
village_EN5_1	village	Vealos	威亚罗斯	Native/std_common_strings	False	False	False
town_EN5	town	Myzea	密泽亚	Native/std_common_strings	False	False	False
village_EN4_4	village	Hetania	赫塔尼亚	Native/std_common_strings	False	False	False
castle_village_EN2_2	village	Nortanisa	诺耳塔尼萨	Native/std_common_strings	False	False	False
village_EN4_2	village	Alatys	阿拉堤斯	Native/std_common_strings	False	False	False
castle_village_EN6_2	village	Potamis	珀塔米斯	Native/std_common_strings	False	False	False
town_EN4	town	Argoron	阿耳戈隆	Native/std_common_strings	False	False	False
village_EN3_3	village	Crios	克里俄斯	Native/std_common_strings	False	False	False
castle_village_EN1_2	village	Aeoria	艾俄里亚	Native/std_common_strings	False	False	False
village_EN3_1	village	Enoisa	厄诺伊萨	Native/std_common_strings	False	False	False
town_EN3	town	Saneopa	萨涅俄帕	Native/std_common_strings	False	False	False
castle_village_EN5_2	village	Masangara	马珊加拉	Native/std_common_strings	False	False	False
village_EN2_2	village	Jeracos	耶拉科斯	Native/std_common_strings	False	False	False
village_EN2_1	village	Alosea	阿罗塞亚	Native/std_common_strings	False	False	False
town_EN2	town	Diathma	狄亚特马	Native/std_common_strings	False	False	False
castle_village_EN3_2	village	Dyopalis	底俄帕利斯	Native/std_common_strings	False	False	False
castle_EW1	castle	Garontor Castle	加隆托堡	Native/std_common_strings	False	False	False
castle_village_ES2_2	village	Metachia	墨塔基亚	Native/std_common_strings	False	False	False
castle_ES3	castle	Melion Castle	墨利翁堡	Native/std_common_strings	False	False	False
castle_village_ES3_1	village	Melion	墨利翁	Native/std_common_strings	False	False	False
town_S3	town	Omor	奥莫尔	Native/std_common_strings	False	False	False
castle_village_S6_2	village	Dvorusta	德沃鲁斯塔	Native/std_common_strings	False	False	False
village_S2_2	village	Marabrot	马拉布罗特	Native/std_common_strings	False	False	False
village_S2_1	village	Safna	萨夫纳	Native/std_common_strings	False	False	False
town_S2	town	Balgard	巴尔加德	Native/std_common_strings	False	False	False
village_S1_3	village	Kargrev	卡格雷夫	Native/std_common_strings	False	False	False
castle_village_S2_2	village	Forin	福林	Native/std_common_strings	False	False	False
village_S1_1	village	Rodobas	罗多巴斯	Native/std_common_strings	False	False	False
town_S1	town	Varcheg	瓦尔切格	Native/std_common_strings	False	False	False
village_S3_1	village	Chornobas	乔诺巴斯	Native/std_common_strings	False	False	False
castle_village_S8_1	village	Vladiv	弗拉基夫	Native/std_common_strings	False	False	False
castle_village_S7_1	village	Urikskala	乌里克斯卡拉	Native/std_common_strings	False	False	False
castle_S7	castle	Urikskala Castle	乌里克斯卡拉堡	Native/std_common_strings	False	False	False
castle_village_S6_1	village	Takor	塔科尔	Native/std_common_strings	False	False	False
castle_S6	castle	Takor Castle	塔科尔堡	Native/std_common_strings	False	False	False
castle_village_S5_2	village	Ferkh	费赫	Native/std_common_strings	False	False	False
castle_village_S5_1	village	Ov	奥夫	Native/std_common_strings	False	False	False
castle_S5	castle	Ov Castle	奥夫堡	Native/std_common_strings	False	False	False
castle_village_S4_2	village	Ismilkorg	伊斯米尔科格	Native/std_common_strings	False	False	False
castle_village_S4_1	village	Kranirog	克拉尼罗格	Native/std_common_strings	False	False	False
castle_S8	castle	Vladiv Castle	弗拉基夫堡	Native/std_common_strings	False	False	False
village_S3_2	village	Skorin	斯科林	Native/std_common_strings	False	False	False
town_S4	town	Varnovapol	瓦尔诺瓦波尔	Native/std_common_strings	False	False	False
village_S4_1	village	Borchovagorka	博乔瓦戈卡	Native/std_common_strings	False	False	False
castle_A3	castle	Ain Baliq Castle	艾因·巴力克堡	Native/std_common_strings	False	False	False
castle_village_A2_2	village	Asmait	阿斯麦特	Native/std_common_strings	False	False	False
castle_village_A2_1	village	Sahel	萨赫勒	Native/std_common_strings	False	False	False
castle_A2	castle	Sahel Castle	萨赫勒堡	Native/std_common_strings	False	False	False
castle_village_A1_1	village	Tubilis	突比力斯	Native/std_common_strings	False	False	False
castle_A1	castle	Tubilis Castle	突比力斯堡	Native/std_common_strings	False	False	False
castle_village_S1_2	village	Zhemyan	哲米扬	Native/std_common_strings	False	False	False
village_S7_2	village	Karbur	卡布尔	Native/std_common_strings	False	False	False
village_S7_1	village	Korsyas	科尔夏斯	Native/std_common_strings	False	False	False
town_S7	town	Revyl	雷维尔	Native/std_common_strings	False	False	False
village_S6_3	village	Alebat	阿莱巴特	Native/std_common_strings	False	False	False
village_S6_2	village	Radakmed	拉达克梅德	Native/std_common_strings	False	False	False
village_S6_1	village	Kvol	克沃尔	Native/std_common_strings	False	False	False
town_S6	town	Sibir	西比尔	Native/std_common_strings	False	False	False
castle_village_S7_2	village	Alov	阿洛夫	Native/std_common_strings	False	False	False
village_S5_2	village	Bukits	布基茨	Native/std_common_strings	False	False	False
village_S5_1	village	Visibrot	维西布罗特	Native/std_common_strings	False	False	False
town_S5	town	Tyal	蒂亚尔	Native/std_common_strings	False	False	False
village_S4_4	village	Yangutum	扬古图姆	Native/std_common_strings	False	False	False
village_S4_3	village	Omkany	奥姆卡尼	Native/std_common_strings	False	False	False
castle_village_S8_2	village	Glavstrom	格拉夫斯特伦	Native/std_common_strings	False	False	False
castle_S4	castle	Kranirog Castle	克拉尼罗格堡	Native/std_common_strings	False	False	False
castle_village_S3_2	village	Dnin	德宁	Native/std_common_strings	False	False	False
castle_village_S3_1	village	Nevyansk	涅夫扬斯克	Native/std_common_strings	False	False	False
castle_S3	castle	Nevyansk Castle	涅维扬斯克堡	Native/std_common_strings	False	False	False
village_ES2_3	village	Avalyps	阿瓦吕普斯	Native/std_common_strings	False	False	False
village_ES2_2	village	Gorcorys	戈耳科律斯	Native/std_common_strings	False	False	False
castle_village_ES5_2	village	Atphynia	阿特费尼亚	Native/std_common_strings	False	False	False
town_ES2	town	Vostrum	沃斯特鲁姆	Native/std_common_strings	False	False	False
village_ES1_4	village	Erebulos	厄瑞玻洛斯	Native/std_common_strings	False	False	False
village_ES1_3	village	Tegresos	泰格瑞索斯	Native/std_common_strings	False	False	False
village_ES1_2	village	Polisia	波利西亚	Native/std_common_strings	False	False	False
castle_village_ES1_2	village	Caira	恺拉	Native/std_common_strings	False	False	False
town_ES1	town	Danustica	达努斯提卡	Native/std_common_strings	False	False	False
castle_village_ES8_1	village	Chanopsis	卡诺普西斯	Native/std_common_strings	False	False	False
castle_ES8	castle	Chanopsis Castle	卡诺普西斯堡	Native/std_common_strings	False	False	False
castle_village_ES7_1	village	Jogurys	约格律斯	Native/std_common_strings	False	False	False
castle_ES7	castle	Jogurys Castle	约格律斯堡	Native/std_common_strings	False	False	False
castle_village_ES6_1	village	Sestadaim	塞斯塔代姆	Native/std_common_strings	False	False	False
castle_ES6	castle	Sestadaim Castle	塞斯塔代姆堡	Native/std_common_strings	False	False	False
castle_village_ES5_1	village	Morenia	摩雷尼亚	Native/std_common_strings	False	False	False
castle_ES5	castle	Morenia Castle	摩雷尼亚堡	Native/std_common_strings	False	False	False
castle_village_ES4_2	village	Ethemisa	厄忒弥萨	Native/std_common_strings	False	False	False
castle_village_ES4_1	village	Lavenia	拉文尼亚	Native/std_common_strings	False	False	False
castle_ES4	castle	Lavenia Castle	拉文尼亚堡	Native/std_common_strings	False	False	False
castle_village_ES3_2	village	Sagolina	萨戈利那	Native/std_common_strings	False	False	False
village_ES2_4	village	Alision	阿利西翁	Native/std_common_strings	False	False	False
castle_village_A3_2	village	Deir Hawa	代尔·哈瓦	Native/std_common_strings	False	False	False
town_ES3	town	Poros	波罗斯	Native/std_common_strings	False	False	False
village_ES3_2	village	Tevea	特维亚	Native/std_common_strings	False	False	False
castle_village_S2_1	village	Mazhadan	马扎丹	Native/std_common_strings	False	False	False
castle_S2	castle	Mazhadan Castle	马扎丹堡	Native/std_common_strings	False	False	False
castle_village_S1_1	village	Ustokol	乌斯托科	Native/std_common_strings	False	False	False
castle_S1	castle	Ustokol Castle	乌斯托科堡	Native/std_common_strings	False	False	False
castle_village_ES7_2	village	Eunalica	优纳利卡	Native/std_common_strings	False	False	False
village_ES7_2	village	Vargornis	瓦耳戈尼斯	Native/std_common_strings	False	False	False
village_ES7_1	village	Psotai	索泰	Native/std_common_strings	False	False	False
town_ES7	town	Syronea	席隆尼亚	Native/std_common_strings	False	False	False
castle_village_ES6_2	village	Amycon	阿密孔	Native/std_common_strings	False	False	False
village_ES6_2	village	Spotia	斯珀提亚	Native/std_common_strings	False	False	False
village_ES6_1	village	Saldannis	萨尔丹尼斯	Native/std_common_strings	False	False	False
town_ES6	town	Phycaon	费卡翁	Native/std_common_strings	False	False	False
village_ES5_3	village	Parasemnos	帕拉森诺斯	Native/std_common_strings	False	False	False
village_ES5_2	village	Lartusys	拉耳图绪斯	Native/std_common_strings	False	False	False
village_ES5_1	village	Lanthas	兰塔斯	Native/std_common_strings	False	False	False
town_ES5	town	Onira	俄尼拉	Native/std_common_strings	False	False	False
village_ES4_3	village	Canterion	坎忒里翁	Native/std_common_strings	False	False	False
castle_village_ES8_2	village	Popsia	波普西亚	Native/std_common_strings	False	False	False
village_ES4_1	village	Sagora	萨戈拉	Native/std_common_strings	False	False	False
town_ES4	town	Lycaron	吕卡隆	Native/std_common_strings	False	False	False
village_ES3_3	village	Zestea	泽斯特亚	Native/std_common_strings	False	False	False
village_ES3_1	village	Canoros	卡诺洛斯	Native/std_common_strings	False	False	False
castle_village_K7_2	village	Kohi Ajik	柯希·阿吉克	SandBox/std_settlements	False	False	True
