card_file	hero_id	name_zh	name_en	culture	kingdom_id	kingdom_zh	clan_id	clan_en	clan_zh	is_noble_clan	clan_owner_hero_id	clan_owner_zh	home_settlement_id	home_settlement_zh	age	is_female	voice	father	father_zh	mother	mother_zh	spouse	spouse_zh	personality_traits	political_traits	match_status
乌勒曼_Ulman_harfit_khuzait.persona.json	lord_6_21	乌勒曼	Ulman	khuzait	khuzait	库赛特	clan_khuzait_5	Harfit	合儿必特	1	lord_6_17	阿克鲁木	town_K6	奥多赫	30	0	earnest					lord_6_21_1	额撒彻	Valor=1;Calculating=-1		exact
乌尔玻斯_ulbos_pethros_empire_s.persona.json	lord_1_47	乌尔玻斯	Ulbos	empire	empire_s	南帝国	clan_empire_south_1	Pethros	珀特洛斯	1	lord_1_14	拉盖娅	town_ES4	吕卡隆	45	0	curt					lord_1_47_1	弥娜	Honor=1;Mercy=-1;Generosity=-1		exact
乌海_Ukhai_banu_arbas_aserai.persona.json	lord_3_21	乌海	Ukhai	aserai	aserai	阿塞莱	clan_aserai_5	Banu Arbas	巴努·阿巴斯	1	lord_3_17	伊亚拉斯	town_A7	阿斯凯尔	28	0	earnest					lord_3_21_1	阿希莎	Valor=1;Honor=1		exact
乌赛伊尔_Usair_banu_qild_aserai.persona.json	lord_3_9	乌赛伊尔	Usair	aserai	aserai	阿塞莱	clan_aserai_3	Banu Qild	巴努·吉勒德	1	lord_3_5	泰伊斯	town_A5	胡比亚	21	0	earnest	lord_3_5	泰伊斯	lord_3_6	鲁玛			Honor=1;Mercy=-1;Generosity=1		exact
乌里克_Urik_kuloving_sturgia.persona.json	lord_2_8	乌里克	Urik	sturgia	sturgia	斯特吉亚	clan_sturgia_2	Kuloving	库洛夫	1	lord_2_3	奥列克	town_S3	奥莫尔	24	0	softspoken	lord_2_3	奥列克					Valor=1;Honor=-1;Mercy=-1;Generosity=1;Calculating=-1		exact
于兰迪夫_Urundulf_dey_jelind_vlandia.persona.json	lord_V9_u	于兰迪夫	Urundulf	vlandia	vlandia	瓦兰迪亚	clan_vlandia_9	dey Jelind	戴·热兰	1	lord_4_27	瓦尔坦	castle_V2	翁加尔堡	47	0	softspoken							Mercy=-1;Generosity=1		exact
亚恰娜_Yachana_vezhoving_sturgia.persona.json	lord_2_15_1	亚恰娜	Yachana	sturgia	sturgia	斯特吉亚	clan_sturgia_7	Vezhoving	维若夫	1	lord_2_19	瓦舍尔基	castle_S5	奥夫堡	25	1	softspoken	lord_2_15	拉塔戈斯特					Valor=-1;Mercy=1		exact
亚米娜_Yamina_banu_habbab_aserai.persona.json	lord_3_22_1	亚米娜	Yamina	aserai	aserai	阿塞莱	clan_aserai_8	Banu Habbab	巴努·哈巴卜	1	lord_3_22	哈珊	castle_A8	坦姆努堡	38	1	earnest					lord_3_22	哈珊	Honor=-1;Mercy=1		exact
亚里翁_Arion_osticos_empire_n.persona.json	lord_1_411	亚里翁	Arion	empire	empire	北帝国	clan_empire_north_1	Osticos	俄斯提科斯	1	lord_1_1	卢孔	town_EN2	狄亚特马	19	0	curt	lord_1_41	阿科耳					Mercy=-1;Generosity=-1		exact
亦剌塔儿_ilatar_baltait_khuzait.persona.json	lord_6_18	亦剌塔儿	Ilatar	khuzait	khuzait	库赛特	clan_khuzait_6	Baltait	巴鲁台特	1	lord_6_18	亦剌塔儿	castle_K6	迪纳尔堡	38	0	ironic					lord_6_18_1	惕伦	Mercy=1;Generosity=1;Calculating=-1		exact
伊亚拉斯_iyalas_banu_arbas_aserai.persona.json	lord_3_17	伊亚拉斯	Iyalas	aserai	aserai	阿塞莱	clan_aserai_5	Banu Arbas	巴努·阿巴斯	1	lord_3_17	伊亚拉斯	town_A7	阿斯凯尔	28	0	softspoken					lord_3_17_1	谢玛	Honor=1;Mercy=1		exact
伊克拉提娅_Icratia_maneolis_empire_w.persona.json	lord_WE8_c	伊克拉提娅	Icratia	empire	empire_w	西帝国	clan_empire_west_8			1	lord_1_71	维彭	castle_EW6	赫托该亚堡	29	1	softspoken							Mercy=-1;Generosity=1;Calculating=1	Egalitarian=1	exact
伊兹登卡_Izdenka_ormidoving_sturgia.persona.json	lord_2_21_1	伊兹登卡	Izdenka	sturgia	sturgia	斯特吉亚	clan_sturgia_4	Ormidoving	奥米多夫	1	lord_2_16	约里格	town_S4	瓦尔诺瓦波尔	28	1	earnest					lord_2_21	斯维多恩	Honor=1		exact
伊塔里娅_Itaria_prienicos_empire_s.persona.json	lord_SE8_c	伊塔里娅	Itaria	empire	empire_s	南帝国	clan_empire_south_8			1	lord_1_72	阿巴吕托斯	castle_ES5	摩雷尼亚堡	19	1	earnest							Valor=1;Honor=1		exact
伊德伦_Idrun_kuloving_sturgia.persona.json	lord_2_11	伊德伦	Idrun	sturgia	sturgia	斯特吉亚	clan_sturgia_2	Kuloving	库洛夫	1	lord_2_3	奥列克	town_S3	奥莫尔	20	1	softspoken	lord_2_3	奥列克					Mercy=1;Generosity=1		exact
伊拉_ira_pethros_empire_s.persona.json	lord_1_37	伊拉	Ira	empire	empire_s	南帝国	clan_empire_south_1	Pethros	珀特洛斯	1	lord_1_14	拉盖娅	town_ES4	吕卡隆	21	1	ironic			lord_1_14	拉盖娅			Valor=1;Mercy=-1;Generosity=-1;Calculating=-1		exact
伊斯凡_Isvan_ormidoving_sturgia.persona.json	lord_2_14	伊斯凡	Isvan	sturgia	sturgia	斯特吉亚	clan_sturgia_4	Ormidoving	奥米多夫	1	lord_2_16	约里格	town_S4	瓦尔诺瓦波尔	39	0	earnest					lord_2_14_1	瓦尔卡娃	Valor=1;Mercy=-1;Calculating=-1		exact
伊翁娜_Jonna_vetranis_empire_s.persona.json	lord_SE9_s	伊翁娜	Jonna	empire	empire_s	南帝国	clan_empire_south_9			1	lord_SE9_l	萨特洛斯	castle_ES7	约格律斯堡	46	1	ironic					lord_SE9_l	萨特洛斯	Honor=-1;Generosity=-1;Calculating=1		exact
伯里康_berican_dey_rothad_vlandia.persona.json	lord_V11_l	伯里康	Berican	vlandia	vlandia	瓦兰迪亚	clan_vlandia_11	dey Rothad	戴·洛塔德	1	lord_V11_l	伯里康	castle_V1	于桑克堡	48	0	curt							Valor=-1;Generosity=1;Calculating=-1	Oligarchic=1	exact
佐安娜_Zoana_osticos_empire_n.persona.json	lord_1_31	佐安娜	Zoana	empire	empire	北帝国	clan_empire_north_1	Osticos	俄斯提科斯	1	lord_1_1	卢孔	town_EN2	狄亚特马	20	1	earnest	lord_1_1	卢孔	lord_1_2	泽洛西卡			Valor=-1;Honor=1		exact
佐里卡_Zorika_isyaroving_sturgia.persona.json	lord_2_18_1	佐里卡	Zorika	sturgia	sturgia	斯特吉亚	clan_sturgia_6	Isyaroving	伊夏罗夫	1	lord_2_18	法芬	town_S6	西比尔	22	1	ironic					lord_2_18	法芬	Valor=-1;Mercy=1		exact
佐里娜_Zorina_togaroving_sturgia.persona.json	lord_2_24_1	佐里娜	Zorina	sturgia	sturgia	斯特吉亚	clan_sturgia_5	Togaroving	托加罗夫	1	lord_2_17	维杜尔	town_S7	雷维尔	22	1	ironic					lord_2_24	阿尔瓦尔	Calculating=1		exact
佩里克_Peric_dey_molarn_vlandia.persona.json	lord_4_26	佩里克	Peric	vlandia	vlandia	瓦兰迪亚	clan_vlandia_8	dey Molarn	戴·莫拉恩	1	lord_4_24	赫卡尔	town_V8	奥斯蒂港	27	0	softspoken							Valor=-1;Generosity=1		exact
佳斯卡_Tyaska_ormidoving_sturgia.persona.json	lord_2_16_1	佳斯卡	Tyaska	sturgia	sturgia	斯特吉亚	clan_sturgia_4	Ormidoving	奥米多夫	1	lord_2_16	约里格	town_S4	瓦尔诺瓦波尔	21	1	earnest					lord_2_16	约里格	Mercy=1		exact
俄吕波斯_Olypos_chonis_empire_n.persona.json	lord_1_67	俄吕波斯	Olypos	empire	empire	北帝国	clan_empire_north_6			1	lord_1_51	尼卡索耳	castle_EN2	罗卡那堡	43	0	ironic							Valor=-1	Oligarchic=1	exact
俄布戎_Obron_hongeros_empire_s.persona.json	lord_1_49	俄布戎	Obron	empire	empire_s	南帝国	clan_empire_south_4	Hongeros	翁革洛斯	1	lord_1_30	图里亚多斯	town_ES2	沃斯特鲁姆	51	0	softspoken					lord_1_49_1	崔斯坦尼娅	Valor=-1;Honor=-1		exact
俄洛斯_oros_mestricaros_empire_s.persona.json	lord_1_17	俄洛斯	Oros	empire	empire_s	南帝国	clan_empire_south_3	Mestricaros	墨斯特里卡洛斯	1	lord_1_17	俄洛斯	town_ES1	达努斯提卡	50	0	curt					lord_1_18	雅忒娅	Generosity=-1;Calculating=-1		exact
俄瓦戈斯_Ovagos_corenios_empire_w.persona.json	lord_1_73	俄瓦戈斯	Ovagos	empire	empire_w	西帝国	clan_empire_west_7			1	lord_1_53	阿喀俄斯	castle_EW5	维戎堡	32	0	softspoken					lord_1_73_1	波庇利娅	Honor=-1;Generosity=1;Calculating=1		exact
兀那根_Unagen_tigrit_khuzait.persona.json	lord_6_16_2	兀那根	Unagen	khuzait	khuzait	库赛特	clan_khuzait_4	Tigrit	帖克力特	1	lord_6_16	呼鲁那格	town_K2	阿克卡拉特	18	1	curt	lord_6_16	呼鲁那格	lord_6_16_1	察木步亦			Valor=1;Mercy=-1;Calculating=1		exact
克洛托耳_crotor_dionicos_empire_w.persona.json	lord_1_11	克洛托耳	Crotor	empire	empire_w	西帝国	clan_empire_west_3	Dionicos	狄俄尼科斯	1	lord_1_11	克洛托耳	town_EW1	拉革塔	51	0	curt					lord_1_12	吕西卡	Honor=1		exact
兰塔诺耳_Lantanor_dolentos_empire_n.persona.json	lord_1_66	兰塔诺耳	Lantanor	empire	empire	北帝国	clan_empire_north_5			1	lord_1_50	居福耳	town_EN5	密泽亚	33	0	earnest							Honor=-1;Generosity=-1		exact
兹拉特卡_Zlatka_isyaroving_sturgia.persona.json	lord_2_23_1	兹拉特卡	Zlatka	sturgia	sturgia	斯特吉亚	clan_sturgia_6	Isyaroving	伊夏罗夫	1	lord_2_18	法芬	town_S6	西比尔	22	1	earnest	lord_2_23	加尔登					Generosity=1;Calculating=-1		exact
列克_Lek_vagiroving_sturgia.persona.json	lord_2_9	列克	Lek	sturgia	sturgia	斯特吉亚	clan_sturgia_3	Vagiroving	瓦吉罗夫	1	lord_2_5	戈敦	town_S5	蒂亚尔	25	0	ironic	lord_2_5	戈敦	lord_2_6	埃尔塔			Valor=1;Generosity=1;Calculating=1		exact
列奥提娅_Leontia_chonis_empire_n.persona.json	lord_1_1_16	列奥提娅	Leontia	empire	empire	北帝国	clan_empire_north_6			1	lord_1_51	尼卡索耳	castle_EN2	罗卡那堡	19	1	softspoken	lord_1_67	俄吕波斯	lord_1_1_15	查士丁娜			Mercy=-1;Generosity=-1;Calculating=1		exact
利利扎_Lilizha_gundaroving_sturgia.persona.json	lord_2_13_1	利利扎	Lilizha	sturgia	sturgia	斯特吉亚	clan_sturgia_1	Gundaroving	贡达罗夫	1	lord_2_1	朗瓦德	town_S1	瓦尔切格	22	1	curt	lord_2_13	维达尔					Valor=1		exact
利特加蒂斯_Lietgardis_dey_jelind_vlandia.persona.json	lord_4_27_1	利特加蒂斯	Lietgardis	vlandia	vlandia	瓦兰迪亚	clan_vlandia_9	dey Jelind	戴·热兰	1	lord_4_27	瓦尔坦	castle_V2	翁加尔堡	23	1	curt					lord_4_27	瓦尔坦	Mercy=-1;Generosity=-1		exact
加卢克_Galyk_ubroving_sturgia.persona.json	lord_S8_u	加卢克	Galyk	sturgia	sturgia	斯特吉亚	clan_sturgia_8	Ubroving	乌布罗夫	1	lord_2_20	托维尔	castle_S6	塔科尔堡	52	0	curt							Valor=-1;Mercy=1;Calculating=1	Oligarchic=1	exact
加尔登_Galden_isyaroving_sturgia.persona.json	lord_2_23	加尔登	Galden	sturgia	sturgia	斯特吉亚	clan_sturgia_6	Isyaroving	伊夏罗夫	1	lord_2_18	法芬	town_S6	西比尔	49	0	ironic							Valor=-1;Honor=-1;Calculating=1		exact
加里俄斯_garios_comnos_empire_w.persona.json	lord_1_7	加里俄斯	Garios	empire	empire_w	西帝国	clan_empire_west_1	Comnos	科穆诺斯	1	lord_1_7	加里俄斯	town_EW2	泽翁尼卡	43	0	ironic					lord_1_8	文得利娅	Valor=1;Honor=-1;Mercy=-1;Generosity=1;Calculating=1	Egalitarian=1	exact
努卡尔_Nuqar_banu_hulyan_aserai.persona.json	lord_3_13	努卡尔	Nuqar	aserai	aserai	阿塞莱	clan_aserai_1	Banu Hulyan	巴努·胡勒延	1	lord_3_1	温吉德	town_A1	古亚兹	38	0	curt					lord_3_13_1	西拉	Valor=1;Honor=-1		exact
博万_Bovan_vezhoving_sturgia.persona.json	lord_2_15_4	博万	Bovan	sturgia	sturgia	斯特吉亚	clan_sturgia_7	Vezhoving	维若夫	1	lord_2_19	瓦舍尔基	castle_S5	奥夫堡	22	0	softspoken	lord_2_15	拉塔戈斯特					Valor=-1;Mercy=1		exact
博剌特_Bolat_urkhunait_khuzait.persona.json	lord_6_101	博剌特	Bolat	khuzait	khuzait	库赛特	clan_khuzait_1	Urkhunait	兀儿浑乃特	1	lord_6_1	蒙楚格	town_K3	马凯布	19	1	softspoken	lord_6_1	蒙楚格	lord_6_2	阿那特			Generosity=1;Calculating=-1		exact
卡忒拉_Catella_elaches_empire_w.persona.json	lord_1_40_1	卡忒拉	Catella	empire	empire_w	西帝国	clan_empire_west_4			1	lord_1_40	堤诺普斯	town_EW5	阿弥塔堤斯	33	1	earnest					lord_1_40	堤诺普斯	Generosity=1;Calculating=1		exact
卡拉多格_caladog_fen_gruffendoc_battania.persona.json	lord_5_1	卡拉多格	Caladog	battania	battania	巴旦尼亚	clan_battania_1	fen Gruffendoc	芬·格鲁芬多克	1	lord_5_1	卡拉多格	town_B1	马鲁纳斯	39	0	ironic							Valor=1;Honor=-1;Mercy=-1;Generosity=1	Egalitarian=1	exact
卡拉蒂尔德_calatild_dey_arromanc_vlandia.persona.json	lord_4_6	卡拉蒂尔德	Calatild	vlandia	vlandia	瓦兰迪亚	clan_vlandia_3	dey Arromanc	戴·阿罗曼克	1	lord_4_6	卡拉蒂尔德	town_V6	杰屈朗	45	1	curt					lord_4_5	恩泰里	Honor=1;Generosity=-1		exact
卡欣_Qahin_banu_sarmal_aserai.persona.json	lord_3_23	卡欣	Qahin	aserai	aserai	阿塞莱	clan_aserai_7	Banu Sarmal	巴努·萨马勒	1	lord_3_19	奥赞	castle_A3	艾因·巴力克堡	24	0	earnest					lord_3_23_1	苏凯娜	Valor=1;Mercy=1		exact
卡班_Qaban_banu_ruwaid_aserai.persona.json	lord_A9_u	卡班	Qaban	aserai	aserai	阿塞莱	clan_aserai_9	Banu Ruwaid	巴努·鲁瓦	1	lord_A9_l	阿卡尔	castle_A9	巴里哈勒堡	29	0	earnest							Valor=1;Calculating=-1	Egalitarian=1	exact
卡西农_Casinon_dionicos_empire_w.persona.json	lord_1_111	卡西农	Casinon	empire	empire_w	西帝国	clan_empire_west_3	Dionicos	狄俄尼科斯	1	lord_1_11	克洛托耳	town_EW1	拉革塔	19	0	ironic	lord_1_11	克洛托耳	lord_1_12	吕西卡			Honor=1		exact
卡费德_Carfyd_fen_eingal_battania.persona.json	lord_5_21	卡费德	Carfyd	battania	battania	巴旦尼亚	clan_battania_6	fen Eingal	芬·埃因加尔	1	lord_5_17	阿拉德维尔	castle_B3	德鲁伊莫尔堡	38	0	curt					lord_5_21_1	贝阿塔格	Honor=1;Generosity=-1		exact
卢伊汉_luichan_fen_penraic_battania.persona.json	lord_5_14	卢伊汉	Luichan	battania	battania	巴旦尼亚	clan_battania_4	fen Penraic	芬·潘拉克	1	lord_5_14	卢伊汉	town_B4	肖农	25	0	earnest					lord_5_14_1	埃比尔	Honor=1;Generosity=1;Calculating=-1		exact
卢孔_lucon_osticos_empire.persona.json	lord_1_1	卢孔	Lucon	empire	empire	北帝国	clan_empire_north_1	Osticos	俄斯提科斯	1	lord_1_1	卢孔	town_EN2	狄亚特马	62	0	curt					lord_1_2	泽洛西卡	Honor=1;Generosity=-1;Calculating=1	Oligarchic=1	exact
卢康_Lucand_dey_gunric_vlandia.persona.json	lord_4_25	卢康	Lucand	vlandia	vlandia	瓦兰迪亚	clan_vlandia_5	dey Gunric	戴·贡里克	1	lord_4_21	奥斯皮尔	castle_V5	蒂尔比堡	27	0	earnest					lord_4_25_1	贝特莉安娜	Valor=1;Honor=1;Mercy=1		exact
厄吕斯_Elys_dey_meroc_vlandia.persona.json	lord_4_10	厄吕斯	Elys	vlandia	vlandia	瓦兰迪亚	clan_vlandia_1	dey Meroc	戴·梅罗克	1	lord_4_1	德泰尔	town_V1	萨哥特	22	1	earnest	lord_4_1	德泰尔	lord_4_2	菲利诺拉			Mercy=1;Calculating=1		exact
厄奥狄西娅_Eodisia_neretzes_empire_n.persona.json	lord_1_1_9	厄奥狄西娅	Eodisia	empire	empire	北帝国	clan_empire_north_3	Neretzes	涅雷采斯	1	lord_1_5	彭同	town_EN3	萨涅俄帕	46	1	curt					lord_1_43	喀宋	Generosity=1;Calculating=1		exact
厄庇斐里娅_Epipheria_impestores_empire_n.persona.json	lord_1_1_12	厄庇斐里娅	Epipheria	empire	empire	北帝国	clan_empire_north_4			1	lord_1_20	恩库里翁	town_EN6	安普雷拉	22	1	curt							Valor=1;Generosity=-1;Calculating=-1		exact
厄洛倪克斯_Eronyx_varros_empire_w.persona.json	lord_1_25	厄洛倪克斯	Eronyx	empire	empire_w	西帝国	clan_empire_west_2	Varros	瓦罗斯	1	lord_1_9	阿庇斯	town_EW4	俄耳堤西亚	22	0	earnest	lord_1_9	阿庇斯	lord_1_10	墨尔刻娅			Valor=1;Honor=-1;Mercy=-1;Generosity=1		exact
古东赫尔达_Gudonhelda_dey_molarn_vlandia.persona.json	lord_4_24_2	古东赫尔达	Gudonhelda	vlandia	vlandia	瓦兰迪亚	clan_vlandia_8	dey Molarn	戴·莫拉恩	1	lord_4_24	赫卡尔	town_V8	奥斯蒂港	22	1	softspoken	lord_4_24	赫卡尔	lord_4_24_1	阿达特鲁德			Mercy=-1;Generosity=1		exact
古兰_Guaran_fen_caernacht_battania.persona.json	lord_B8_c	古兰	Guaran	battania	battania	巴旦尼亚	clan_battania_8	fen Caernacht	芬·凯尔纳奇	1	lord_B8_l	毛蕾阿斯	castle_B1	阿布·科梅尔堡	38	0	earnest	lord_B8_s	罗达拉克	lord_B8_l	毛蕾阿斯			Mercy=1;Generosity=-1		exact
古速坎_gusukan_oburit_khuzait.persona.json	lord_K9_l	古速坎	Gusukan	khuzait	khuzait	库赛特	clan_khuzait_9	Oburit	斡不力特	1	lord_K9_l	古速坎	castle_K8	埃泽努尔堡	53	0	softspoken					lord_K9_s	辞温	Valor=-1;Honor=1;Calculating=1		exact
古齐德_Ghuzid_banu_qaraz_aserai.persona.json	lord_3_15	古齐德	Ghuzid	aserai	aserai	阿塞莱	clan_aserai_4	Banu Qaraz	巴努·卡拉兹	1	lord_3_16	苏鲁克	town_A3	以亚基斯	31	0	curt					lord_3_15_1	希姆拉	Valor=1;Generosity=-1;Calculating=-1		exact
合努占_kanujan_koltit_khuzait.persona.json	lord_6_19	合努占	Kanujan	khuzait	khuzait	库赛特	clan_khuzait_7	Koltit	阔勒帖特	1	lord_6_19	合努占	castle_K5	希木利堡	41	0	softspoken					lord_6_19_1	锁合台	Honor=1		exact
吉固_Jigur_yanserit_khuzait.persona.json	lord_6_20_1	吉固	Jigur	khuzait	khuzait	库赛特	clan_khuzait_8	Yanserit	颜赛力特	1	lord_6_20	达思鲁儿	castle_K3	哈坤堡	28	1	softspoken					lord_6_20	达思鲁儿	Honor=-1;Mercy=-1;Generosity=-1;Calculating=1		exact
吕西卡_Lysica_dionicos_empire_w.persona.json	lord_1_12	吕西卡	Lysica	empire	empire_w	西帝国	clan_empire_west_3	Dionicos	狄俄尼科斯	1	lord_1_11	克洛托耳	town_EW1	拉革塔	40	1	softspoken					lord_1_11	克洛托耳	Honor=1		exact
君士塔莉娅_Constalia_vizartos_empire_s.persona.json	lord_1_54_1	君士塔莉娅	Constalia	empire	empire_s	南帝国	clan_empire_south_6			1	lord_1_54	西喀尼斯	town_ES6	费卡翁	26	1	curt					lord_1_54	西喀尼斯	Mercy=-1;Calculating=1		exact
呼鲁那格_hurunag_tigrit_khuzait.persona.json	lord_6_16	呼鲁那格	Hurunag	khuzait	khuzait	库赛特	clan_khuzait_4	Tigrit	帖克力特	1	lord_6_16	呼鲁那格	town_K2	阿克卡拉特	38	0	curt					lord_6_16_1	察木步亦	Valor=1;Mercy=-1;Generosity=-1;Calculating=-1		exact
哈利娅_Chalia_neretzes_empire_n.persona.json	lord_1_33	哈利娅	Chalia	empire	empire	北帝国	clan_empire_north_3	Neretzes	涅雷采斯	1	lord_1_5	彭同	town_EN3	萨涅俄帕	22	1	ironic	lord_1_5	彭同	lord_1_1_7	许拉西娅娜			Honor=-1;Mercy=-1;Generosity=1;Calculating=1		exact
哈坎_Haqan_banu_qild_aserai.persona.json	lord_3_51	哈坎	Haqan	aserai	aserai	阿塞莱	clan_aserai_3	Banu Qild	巴努·吉勒德	1	lord_3_5	泰伊斯	town_A5	胡比亚	19	0	curt	lord_3_5	泰伊斯	lord_3_6	鲁玛			Honor=1;Mercy=-1;Generosity=-1;Calculating=1		exact
哈珊_hashan_banu_habbab_aserai.persona.json	lord_3_22	哈珊	Hashan	aserai	aserai	阿塞莱	clan_aserai_8	Banu Habbab	巴努·哈巴卜	1	lord_3_22	哈珊	castle_A8	坦姆努堡	39	0	earnest					lord_3_22_1	亚米娜	Valor=1;Mercy=1		exact
哈菲莎_Hafisa_banu_atij_aserai.persona.json	lord_3_18_2	哈菲莎	Hafisa	aserai	aserai	阿塞莱	clan_aserai_6	Banu Atij	巴努·阿提吉	1	lord_3_18	塔拉斯	town_A8	加西拉	20	1	ironic	lord_3_18	塔拉斯					Honor=1;Generosity=1;Calculating=1		exact
喀宋_Chason_neretzes_empire_n.persona.json	lord_1_43	喀宋	Chason	empire	empire	北帝国	clan_empire_north_3	Neretzes	涅雷采斯	1	lord_1_5	彭同	town_EN3	萨涅俄帕	48	0	curt							Mercy=-1;Generosity=-1;Calculating=-1		exact
喀答_Khada_arkit_khuzait.persona.json	lord_6_51	喀答	Khada	khuzait	khuzait	库赛特	clan_khuzait_3	Arkit	阿契特	1	lord_6_5	突剌格	town_K4	奥通加德	19	0	curt	lord_6_5	突剌格					Valor=1		exact
喀里斯_Karith_banu_qild_aserai.persona.json	lord_3_20	喀里斯	Karith	aserai	aserai	阿塞莱	clan_aserai_3	Banu Qild	巴努·吉勒德	1	lord_3_5	泰伊斯	town_A5	胡比亚	36	0	curt					lord_3_20_1	朱蒂拉	Mercy=-1;Generosity=-1		exact
因加泰尔_ingalther_dey_cortain_vlandia.persona.json	lord_4_16	因加泰尔	Ingalther	vlandia	vlandia	瓦兰迪亚	clan_vlandia_4	dey Cortain	戴·科尔坦	1	lord_4_16	因加泰尔	town_V7	沙拉斯	42	0	curt					lord_4_17	埃尔蓓	Valor=1;Honor=1;Mercy=-1;Generosity=-1;Calculating=1		exact
因格特鲁德_Ingeltrud_dey_valant_vlandia.persona.json	lord_4_20_1	因格特鲁德	Ingeltrud	vlandia	vlandia	瓦兰迪亚	clan_vlandia_6	dey Valant	戴·瓦朗	1	lord_4_22	塞尔维克	town_V9	罗瓦尔	22	1	softspoken					lord_4_20	瓦尔蒙德	Generosity=1		exact
因贡德_Ingunde_dey_molarn_vlandia.persona.json	lord_4_24_3	因贡德	Ingunde	vlandia	vlandia	瓦兰迪亚	clan_vlandia_8	dey Molarn	戴·莫拉恩	1	lord_4_24	赫卡尔	town_V8	奥斯蒂港	20	1	softspoken	lord_4_24	赫卡尔	lord_4_24_1	阿达特鲁德			Mercy=1;Calculating=1		exact
图里亚多斯_turiados_hongeros_empire_s.persona.json	lord_1_30	图里亚多斯	Turiados	empire	empire_s	南帝国	clan_empire_south_4	Hongeros	翁革洛斯	1	lord_1_30	图里亚多斯	town_ES2	沃斯特鲁姆	24	0	earnest					lord_1_30_1	查士丁娜	Honor=-1;Generosity=1;Calculating=1	Authoritarian=1	exact
埃卡朗_ecarand_dey_folcun_vlandia.persona.json	lord_4_28	埃卡朗	Ecarand	vlandia	vlandia	瓦兰迪亚	clan_vlandia_10	dey Folcun	戴·佛尔坎	1	lord_4_28	埃卡朗	castle_V4	奥曼法德堡	40	0	curt							Honor=1;Mercy=1;Generosity=-1		exact
埃尔塔_Erta_vagiroving_sturgia.persona.json	lord_2_6	埃尔塔	Erta	sturgia	sturgia	斯特吉亚	clan_sturgia_3	Vagiroving	瓦吉罗夫	1	lord_2_5	戈敦	town_S5	蒂亚尔	47	1	earnest					lord_2_5	戈敦	Generosity=1		exact
埃尔杜兰_Erdurand_dey_meroc_vlandia.persona.json	lord_4_15	埃尔杜兰	Erdurand	vlandia	vlandia	瓦兰迪亚	clan_vlandia_1	dey Meroc	戴·梅罗克	1	lord_4_1	德泰尔	town_V1	萨哥特	27	0	curt	lord_4_1	德泰尔	lord_4_2	菲利诺拉			Valor=1;Mercy=-1;Calculating=-1		exact
埃尔蓓_Elbet_dey_cortain_vlandia.persona.json	lord_4_17	埃尔蓓	Elbet	vlandia	vlandia	瓦兰迪亚	clan_vlandia_4	dey Cortain	戴·科尔坦	1	lord_4_16	因加泰尔	town_V7	沙拉斯	45	1	earnest					lord_4_16	因加泰尔	Honor=1;Generosity=1;Calculating=1		exact
埃尔贡_ergeon_fen_derngil_battania.persona.json	lord_5_3	埃尔贡	Ergeon	battania	battania	巴旦尼亚	clan_battania_2	fen Derngil	芬·登吉尔	1	lord_5_3	埃尔贡	town_B2	邓格拉尼斯	43	0	softspoken					lord_5_4	妮温	Valor=-1;Honor=1;Mercy=1;Calculating=1		exact
埃朗达拉_Elendara_dey_rothad_vlandia.persona.json	lord_V11_c1	埃朗达拉	Elendara	vlandia	vlandia	瓦兰迪亚	clan_vlandia_11	dey Rothad	戴·洛塔德	1	lord_V11_l	伯里康	castle_V1	于桑克堡	22	1	ironic	lord_V11_l	伯里康					Honor=-1;Mercy=1;Calculating=1	Egalitarian=1	exact
埃比尔_Eabyr_fen_penraic_battania.persona.json	lord_5_14_1	埃比尔	Eabyr	battania	battania	巴旦尼亚	clan_battania_4	fen Penraic	芬·潘拉克	1	lord_5_14	卢伊汉	town_B4	肖农	22	1	earnest					lord_5_14	卢伊汉	Valor=1;Honor=1;Generosity=-1		exact
埃索斯_Aesos_serapides_empire_n.persona.json	lord_NE9_s	埃索斯	Aesos	empire	empire	北帝国	clan_empire_north_9			1	lord_NE9_l	波法利奥斯	castle_EN3	雷索斯堡	24	0	softspoken	lord_NE9_l	波法利奥斯					Valor=1;Calculating=1		exact
埃莉德_Eilidh_fen_uvain_battania.persona.json	lord_5_5_1	埃莉德	Eilidh	battania	battania	巴旦尼亚	clan_battania_3	fen Uvain	芬·乌万	1	lord_5_5	梅利迪尔	town_B3	卡·班塞斯	19	1	earnest	lord_5_5	梅利迪尔	lord_5_6	阿尔凯娅			Honor=-1;Generosity=-1		exact
埃莱迪兰_Eleduran_dey_fortes_vlandia.persona.json	lord_4_23_3	埃莱迪兰	Eleduran	vlandia	vlandia	瓦兰迪亚	clan_vlandia_7	dey Fortes	戴·佛特斯	1	lord_4_23	贝尔吉尔	town_V2	奥克斯·霍尔	19	0	curt	lord_4_23	贝尔吉尔					Calculating=-1		exact
埃蒂尔德_Elthild_dey_tihr_vlandia.persona.json	lord_4_4	埃蒂尔德	Elthild	vlandia	vlandia	瓦兰迪亚	clan_vlandia_2	dey Tihr	戴·提哈	1	lord_4_3	阿尔德里克	town_V3	帕拉汶德	45	1	earnest					lord_4_3	阿尔德里克	Mercy=-1;Generosity=1		exact
埃隆_aeron_fen_giall_battania.persona.json	lord_5_16	埃隆	Aeron	battania	battania	巴旦尼亚	clan_battania_5	fen Giall	芬·吉尔	1	lord_5_16	埃隆	town_B5	彭·坎诺克	34	0	ironic					lord_5_16_1	莉亚欣	Valor=1;Honor=-1;Mercy=-1;Generosity=1;Calculating=-1		exact
基莎_Kisha_ubroving_sturgia.persona.json	lord_2_20_1	基莎	Kisha	sturgia	sturgia	斯特吉亚	clan_sturgia_8	Ubroving	乌布罗夫	1	lord_2_20	托维尔	castle_S6	塔科尔堡	22	1	earnest					lord_2_20	托维尔	Valor=1		exact
堤诺普斯_Tynops_elaches_empire_w.persona.json	lord_1_40	堤诺普斯	Tynops	empire	empire_w	西帝国	clan_empire_west_4			1	lord_1_40	堤诺普斯	town_EW5	阿弥塔堤斯	35	0	softspoken					lord_1_40_1	卡忒拉	Mercy=1;Generosity=1;Calculating=-1	Egalitarian=1	exact
塔叙诺耳_Tasynor_phalentes_empire_n.persona.json	lord_1_58	塔叙诺耳	Tasynor	empire	empire	北帝国	clan_empire_north_7			1	lord_1_58	塔叙诺耳	castle_EN7	厄毗诺萨堡	26	0	earnest							Honor=1;Generosity=-1;Calculating=1		exact
塔得俄斯_Tadeos_comnos_empire_w.persona.json	lord_1_24	塔得俄斯	Tadeos	empire	empire_w	西帝国	clan_empire_west_1	Comnos	科穆诺斯	1	lord_1_7	加里俄斯	town_EW2	泽翁尼卡	21	0	ironic							Mercy=-1;Calculating=1		exact
塔拉斯_talas_banu_atij_aserai.persona.json	lord_3_18	塔拉斯	Talas	aserai	aserai	阿塞莱	clan_aserai_6	Banu Atij	巴努·阿提吉	1	lord_3_18	塔拉斯	town_A8	加西拉	48	0	ironic							Honor=-1;Generosity=1;Calculating=-1		exact
塔洛斯_Tharos_vizartos_empire_s.persona.json	lord_1_68	塔洛斯	Tharos	empire	empire_s	南帝国	clan_empire_south_6			1	lord_1_54	西喀尼斯	town_ES6	费卡翁	33	0	curt					lord_1_68_1	西尔维娜	Valor=1;Mercy=-1;Calculating=-1		exact
塔里克_Tariq_banu_sarran_aserai.persona.json	lord_3_3_1	塔里克	Tariq	aserai	aserai	阿塞莱	clan_aserai_2	Banu Sarran	巴努·萨兰	1	lord_3_3	阿德拉姆	town_A4	拉齐赫	19	0	curt	lord_3_3	阿德拉姆	lord_3_4	马拉			Generosity=1;Calculating=1		exact
塞亚戎_Sejaron_sorados_empire_w.persona.json	lord_1_62	塞亚戎	Sejaron	empire	empire_w	西帝国	clan_empire_west_6			1	lord_1_52	萨拉提斯	castle_EW8	革耳塞戈斯堡	35	0	earnest					lord_1_62_1	阿律塔	Valor=1;Honor=-1;Mercy=-1;Calculating=1		exact
塞俄耳具斯_Seorgys_elaches_empire_w.persona.json	lord_1_46_1	塞俄耳具斯	Seorgys	empire	empire_w	西帝国	clan_empire_west_4			1	lord_1_40	堤诺普斯	town_EW5	阿弥塔堤斯	19	0	ironic	lord_1_46	弥罗斯					Valor=-1;Honor=-1;Mercy=1;Calculating=1	Egalitarian=1	exact
塞兰冬_Serandon_avlonos_empire_s.persona.json	lord_1_55	塞兰冬	Serandon	empire	empire_s	南帝国	clan_empire_south_7			1	lord_1_55	塞兰冬	castle_ES3	墨利翁堡	28	0	softspoken					lord_1_55_1	墨革提娅	Valor=-1;Mercy=1;Calculating=1		exact
塞因_Sein_fen_derngil_battania.persona.json	lord_5_8	塞因	Sein	battania	battania	巴旦尼亚	clan_battania_2	fen Derngil	芬·登吉尔	1	lord_5_3	埃尔贡	town_B2	邓格拉尼斯	18	0	earnest	lord_5_3	埃尔贡					Valor=1;Mercy=1;Generosity=1		exact
塞尔维克_servic_dey_valant_vlandia.persona.json	lord_4_22	塞尔维克	Servic	vlandia	vlandia	瓦兰迪亚	clan_vlandia_6	dey Valant	戴·瓦朗	1	lord_4_22	塞尔维克	town_V9	罗瓦尔	29	0	softspoken					lord_4_22_1	阿尔维特	Valor=-1;Honor=-1;Calculating=1		exact
塞拉诺耳_Seranor_vatatzes_empire_n.persona.json	lord_1_56	塞拉诺耳	Seranor	empire	empire	北帝国	clan_empire_north_8			1	lord_NE8_l	马利齐俄斯	castle_EN8	叙拉托斯堡	41	0	curt					lord_1_56_1	革耳马娜	Valor=1;Honor=1;Generosity=-1		exact
墨剌_Mela_oburit_khuzait.persona.json	lord_K9_c2	墨剌	Mela	khuzait	khuzait	库赛特	clan_khuzait_9	Oburit	斡不力特	1	lord_K9_l	古速坎	castle_K8	埃泽努尔堡	22	1	ironic	lord_K9_l	古速坎	lord_K9_s	辞温			Honor=1;Generosity=-1		exact
墨尔刻娅_Melkea_varros_empire_w.persona.json	lord_1_10	墨尔刻娅	Melkea	empire	empire_w	西帝国	clan_empire_west_2	Varros	瓦罗斯	1	lord_1_9	阿庇斯	town_EW4	俄耳堤西亚	45	1	ironic					lord_1_9	阿庇斯	Honor=-1;Mercy=-1;Calculating=1		exact
墨恢儿_Mehir_tigrit_khuzait.persona.json	lord_6_24	墨恢儿	Mehir	khuzait	khuzait	库赛特	clan_khuzait_4	Tigrit	帖克力特	1	lord_6_16	呼鲁那格	town_K2	阿克卡拉特	26	0	softspoken							Valor=1;Calculating=1		exact
墨速宜_mesui_khergit_khuzait.persona.json	lord_6_4	墨速宜	Mesui	khuzait	khuzait	库赛特	clan_khuzait_2	Khergit	库吉特	1	lord_6_4	墨速宜	town_K1	巴尔塔罕	50	1	curt							Valor=1;Honor=1;Mercy=-1	Egalitarian=1	exact
墨里托耳_Meritor_dionicos_empire_w.persona.json	lord_1_26	墨里托耳	Meritor	empire	empire_w	西帝国	clan_empire_west_3	Dionicos	狄俄尼科斯	1	lord_1_11	克洛托耳	town_EW1	拉革塔	20	0	softspoken	lord_1_11	克洛托耳	lord_1_12	吕西卡			Valor=-1;Honor=1;Calculating=1		exact
墨革提娅_Megethia_avlonos_empire_s.persona.json	lord_1_55_1	墨革提娅	Megethia	empire	empire_s	南帝国	clan_empire_south_7			1	lord_1_55	塞兰冬	castle_ES3	墨利翁堡	26	1	softspoken					lord_1_55	塞兰冬	Mercy=1		exact
夏拉穆斯_Siaramus_fen_giall_battania.persona.json	lord_5_20	夏拉穆斯	Siaramus	battania	battania	巴旦尼亚	clan_battania_5	fen Giall	芬·吉尔	1	lord_5_16	埃隆	town_B5	彭·坎诺克	24	0	softspoken							Calculating=1		exact
奥列克_olek_kuloving_sturgia.persona.json	lord_2_3	奥列克	Olek	sturgia	sturgia	斯特吉亚	clan_sturgia_2	Kuloving	库洛夫	1	lord_2_3	奥列克	town_S3	奥莫尔	48	0	curt	dead_lord_2_1	“年长的”奥列克					Valor=1;Mercy=-1;Generosity=1	Oligarchic=1	exact
奥多芙蕾德_Odofled_dey_arromanc_vlandia.persona.json	lord_4_6_1	奥多芙蕾德	Odofled	vlandia	vlandia	瓦兰迪亚	clan_vlandia_3	dey Arromanc	戴·阿罗曼克	1	lord_4_6	卡拉蒂尔德	town_V6	杰屈朗	22	1	curt	lord_4_5	恩泰里	lord_4_6	卡拉蒂尔德			Generosity=-1;Calculating=-1		exact
奥斯温_Osven_vagiroving_sturgia.persona.json	lord_2_121	奥斯温	Osven	sturgia	sturgia	斯特吉亚	clan_sturgia_3	Vagiroving	瓦吉罗夫	1	lord_2_5	戈敦	town_S5	蒂亚尔	19	0	curt	lord_2_5	戈敦	lord_2_6	埃尔塔			Valor=1;Honor=1		exact
奥斯皮尔_ospir_dey_gunric_vlandia.persona.json	lord_4_21	奥斯皮尔	Ospir	vlandia	vlandia	瓦兰迪亚	clan_vlandia_5	dey Gunric	戴·贡里克	1	lord_4_21	奥斯皮尔	castle_V5	蒂尔比堡	30	0	earnest							Valor=1;Honor=1;Calculating=-1		exact
奥赞_awdhan_banu_sarmal_aserai.persona.json	lord_3_19	奥赞	Awdhan	aserai	aserai	阿塞莱	clan_aserai_7	Banu Sarmal	巴努·萨马勒	1	lord_3_19	奥赞	castle_A3	艾因·巴力克堡	48	0	curt					lord_3_19_1	萨勒玛	Valor=1;Calculating=1		exact
妮温_Nywin_fen_derngil_battania.persona.json	lord_5_4	妮温	Nywin	battania	battania	巴旦尼亚	clan_battania_2	fen Derngil	芬·登吉尔	1	lord_5_3	埃尔贡	town_B2	邓格拉尼斯	37	1	ironic					lord_5_3	埃尔贡	Honor=-1;Mercy=1		exact
孛儿图_Bortu_urkhunait_khuzait.persona.json	lord_6_13	孛儿图	Bortu	khuzait	khuzait	库赛特	clan_khuzait_1	Urkhunait	兀儿浑乃特	1	lord_6_1	蒙楚格	town_K3	马凯布	18	0	softspoken	lord_6_1	蒙楚格					Valor=-1;Mercy=1;Calculating=1		exact
孛容察儿_Boronchar_yanserit_khuzait.persona.json	lord_K8_u	孛容察儿	Boronchar	khuzait	khuzait	库赛特	clan_khuzait_8	Yanserit	颜赛力特	1	lord_6_20	达思鲁儿	castle_K3	哈坤堡	43	0	earnest							Honor=1;Mercy=-1;Generosity=1;Calculating=-1		exact
安丝特鲁达_Anstruda_dey_fortes_vlandia.persona.json	lord_4_23_2	安丝特鲁达	Anstruda	vlandia	vlandia	瓦兰迪亚	clan_vlandia_7	dey Fortes	戴·佛特斯	1	lord_4_23	贝尔吉尔	town_V2	奥克斯·霍尔	22	1	curt	lord_4_23	贝尔吉尔					Honor=-1		exact
安妮扎_Anidha_banu_hulyan_aserai.persona.json	lord_3_10	安妮扎	Anidha	aserai	aserai	阿塞莱	clan_aserai_1	Banu Hulyan	巴努·胡勒延	1	lord_3_1	温吉德	town_A1	古亚兹	20	1	earnest	lord_3_1	温吉德	lord_3_2	金达			Valor=-1;Calculating=1		exact
安德洛斯_Andros_argoros_empire_n.persona.json	lord_1_22	安德洛斯	Andros	empire	empire	北帝国	clan_empire_north_2	Argoros	阿耳戈洛斯	1	lord_1_3	曼忒俄斯	town_EN1	厄庇克洛忒亚	23	0	earnest							Honor=1;Mercy=1		exact
安德鲁塔_Andruta_gundaroving_sturgia.persona.json	lord_2_13_2	安德鲁塔	Andruta	sturgia	sturgia	斯特吉亚	clan_sturgia_1	Gundaroving	贡达罗夫	1	lord_2_1	朗瓦德	town_S1	瓦尔切格	20	1	curt	lord_2_13	维达尔					Valor=1		exact
密米尔_Mimir_gundaroving_sturgia.persona.json	lord_2_7_1	密米尔	Mimir	sturgia	sturgia	斯特吉亚	clan_sturgia_1	Gundaroving	贡达罗夫	1	lord_2_1	朗瓦德	town_S1	瓦尔切格	18	0	earnest	lord_2_1	朗瓦德	lord_2_2	阿丝塔			Mercy=-1;Generosity=-1		exact
察木步亦_Chambui_tigrit_khuzait.persona.json	lord_6_16_1	察木步亦	Chambui	khuzait	khuzait	库赛特	clan_khuzait_4	Tigrit	帖克力特	1	lord_6_16	呼鲁那格	town_K2	阿克卡拉特	37	1	softspoken					lord_6_16	呼鲁那格	Valor=1		exact
察罕_Chaghan_urkhunait_khuzait.persona.json	lord_6_7	察罕	Chaghan	khuzait	khuzait	库赛特	clan_khuzait_1	Urkhunait	兀儿浑乃特	1	lord_6_1	蒙楚格	town_K3	马凯布	18	0	earnest	lord_6_1	蒙楚格	lord_6_2	阿那特			Honor=1;Mercy=-1;Generosity=1;Calculating=-1		exact
察衮_Chagun_baltait_khuzait.persona.json	lord_6_18_2	察衮	Chagun	khuzait	khuzait	库赛特	clan_khuzait_6	Baltait	巴鲁台特	1	lord_6_18	亦剌塔儿	castle_K6	迪纳尔堡	18	1	curt	lord_6_18	亦剌塔儿	lord_6_18_1	惕伦			Mercy=1		exact
尼丰_Niphon_avlonos_empire_s.persona.json	lord_1_69	尼丰	Niphon	empire	empire_s	南帝国	clan_empire_south_7			1	lord_1_55	塞兰冬	castle_ES3	墨利翁堡	33	0	softspoken					lord_1_69_1	阿雷莉安娜	Honor=-1;Generosity=1;Calculating=1		exact
尼卡索耳_Nicasor_chonis_empire_n.persona.json	lord_1_51	尼卡索耳	Nicasor	empire	empire	北帝国	clan_empire_north_6			1	lord_1_51	尼卡索耳	castle_EN2	罗卡那堡	36	0	curt							Valor=1;Honor=1;Generosity=-1	Oligarchic=1	exact
居福耳_Gyphor_dolentos_empire_n.persona.json	lord_1_50	居福耳	Gyphor	empire	empire	北帝国	clan_empire_north_5			1	lord_1_50	居福耳	town_EN5	密泽亚	33	0	softspoken							Valor=-1;Calculating=1	Oligarchic=1	exact
崔斯坦尼娅_Tristania_hongeros_empire_s.persona.json	lord_1_49_1	崔斯坦尼娅	Tristania	empire	empire_s	南帝国	clan_empire_south_4	Hongeros	翁革洛斯	1	lord_1_30	图里亚多斯	town_ES2	沃斯特鲁姆	37	1	ironic					lord_1_49	俄布戎	Valor=1;Mercy=-1		exact
巴拉诺耳_Baranor_julios_empire_s.persona.json	lord_1_63	巴拉诺耳	Baranor	empire	empire_s	南帝国	clan_empire_south_5			1	lord_1_63	巴拉诺耳	town_ES7	席隆尼亚	33	0	curt					lord_1_63_1	瓦拉里娅	Valor=-1;Mercy=1;Generosity=-1;Calculating=-1		exact
布丽甘_Brighan_fen_eingal_battania.persona.json	lord_5_17_1	布丽甘	Brighan	battania	battania	巴旦尼亚	clan_battania_6	fen Eingal	芬·埃因加尔	1	lord_5_17	阿拉德维尔	castle_B3	德鲁伊莫尔堡	22	1	ironic					lord_5_17	阿拉德维尔	Calculating=1		exact
布兰诺克_branoc_fen_morcar_battania.persona.json	lord_5_18	布兰诺克	Branoc	battania	battania	巴旦尼亚	clan_battania_7	fen Morcar	芬·莫卡尔	1	lord_5_15	普林多尔	castle_B2	拉诺克·亨堡	24	0	earnest	lord_5_15	普林多尔			lord_5_18_1	肖娜格	Valor=1;Honor=1;Calculating=-1		exact
希姆拉_Shimra_banu_qaraz_aserai.persona.json	lord_3_15_1	希姆拉	Shimra	aserai	aserai	阿塞莱	clan_aserai_4	Banu Qaraz	巴努·卡拉兹	1	lord_3_16	苏鲁克	town_A3	以亚基斯	26	1	softspoken					lord_3_15	古齐德	Generosity=1		exact
帕加里俄斯_Pagarios_vetranis_empire_s.persona.json	lord_SE9_c1	帕加里俄斯	Pagarios	empire	empire_s	南帝国	clan_empire_south_9			1	lord_SE9_l	萨特洛斯	castle_ES7	约格律斯堡	26	0	earnest	lord_SE9_l	萨特洛斯	lord_SE9_s	伊翁娜			Valor=1;Honor=-1;Calculating=1		exact
帕堤耳_patyr_pethros_empire_s.persona.json	lord_1_27	帕堤耳	Patyr	empire	empire_s	南帝国	clan_empire_south_1	Pethros	珀特洛斯	1	lord_1_14	拉盖娅	town_ES4	吕卡隆	37	0	earnest					lord_1_27_1	维里娜	Mercy=1;Generosity=1		exact
帕那勒娅_Panalea_phalentes_empire_n.persona.json	lord_1_70	帕那勒娅	Panalea	empire	empire	北帝国	clan_empire_north_7			1	lord_1_58	塔叙诺耳	castle_EN7	厄毗诺萨堡	34	1	earnest							Honor=1;Generosity=1		exact
帖蒙_Temun_arkit_khuzait.persona.json	lord_6_9	帖蒙	Temun	khuzait	khuzait	库赛特	clan_khuzait_3	Arkit	阿契特	1	lord_6_5	突剌格	town_K4	奥通加德	20	0	curt	lord_6_5	突剌格					Honor=1;Generosity=-1;Calculating=-1		exact
库尔哈恩_Culharn_fen_uvain_battania.persona.json	lord_5_9	库尔哈恩	Culharn	battania	battania	巴旦尼亚	clan_battania_3	fen Uvain	芬·乌万	1	lord_5_5	梅利迪尔	town_B3	卡·班塞斯	27	0	earnest	lord_5_5	梅利迪尔	lord_5_6	阿尔凯娅			Honor=1;Calculating=-1		exact
廓儿帖_Korte_koltit_khuzait.persona.json	lord_6_19_2	廓儿帖	Korte	khuzait	khuzait	库赛特	clan_khuzait_7	Koltit	阔勒帖特	1	lord_6_19	合努占	castle_K5	希木利堡	20	1	softspoken	lord_6_19	合努占	lord_6_19_1	锁合台			Valor=-1		exact
弗洛赖德_Floraidh_fen_morcar_battania.persona.json	lord_5_15_1	弗洛赖德	Floraidh	battania	battania	巴旦尼亚	clan_battania_7	fen Morcar	芬·莫卡尔	1	lord_5_15	普林多尔	castle_B2	拉诺克·亨堡	22	1	ironic	lord_5_15	普林多尔					Valor=1;Mercy=-1		exact
弥娜_mina_pethros_empire_s.persona.json	lord_1_47_1	弥娜	Mina	empire	empire_s	南帝国	clan_empire_south_1	Pethros	珀特洛斯	1	lord_1_14	拉盖娅	town_ES4	吕卡隆	38	1	earnest					lord_1_47	乌尔玻斯	Valor=1;Honor=1		exact
弥罗斯_Milos_elaches_empire_w.persona.json	lord_1_46	弥罗斯	Milos	empire	empire_w	西帝国	clan_empire_west_4			1	lord_1_40	堤诺普斯	town_EW5	阿弥塔堤斯	38	0	softspoken							Honor=1;Mercy=1;Calculating=1		exact
弥那耳维娜_Minarvina_sorados_empire_w.persona.json	lord_1_52_1	弥那耳维娜	Minarvina	empire	empire_w	西帝国	clan_empire_west_6			1	lord_1_52	萨拉提斯	castle_EW8	革耳塞戈斯堡	35	1	ironic					lord_1_52	萨拉提斯	Calculating=1		exact
弥隆_Miron_impestores_empire_n.persona.json	lord_1_64	弥隆	Miron	empire	empire	北帝国	clan_empire_north_4			1	lord_1_20	恩库里翁	town_EN6	安普雷拉	27	0	softspoken							Valor=1;Honor=1;Generosity=-1;Calculating=-1	Oligarchic=1	exact
彭同_penton_neretzes_empire.persona.json	lord_1_5	彭同	Penton	empire	empire	北帝国	clan_empire_north_3	Neretzes	涅雷采斯	1	lord_1_5	彭同	town_EN3	萨涅俄帕	51	0	earnest							Valor=1;Generosity=-1;Calculating=-1		exact
得坎提娅_Decantia_osticos_empire_n.persona.json	lord_1_1_2	得坎提娅	Decantia	empire	empire	北帝国	clan_empire_north_1	Osticos	俄斯提科斯	1	lord_1_1	卢孔	town_EN2	狄亚特马	19	1	earnest					lord_1_21	阿斯居戎	Mercy=1;Generosity=-1		exact
得巴娜_Debana_mestricaros_empire_s.persona.json	lord_1_39	得巴娜	Debana	empire	empire_s	南帝国	clan_empire_south_3	Mestricaros	墨斯特里卡洛斯	1	lord_1_17	俄洛斯	town_ES1	达努斯提卡	20	1	ironic	lord_1_17	俄洛斯	lord_1_18	雅忒娅			Valor=1;Honor=1;Mercy=-1;Generosity=1		exact
得斯波里翁_Despórion_lonalion_empire_w.persona.json	lord_1_45	得斯波里翁	Desporion	empire	empire_w	西帝国	clan_empire_west_5			1	lord_1_45	得斯波里翁	town_EW6	洛泰	38	0	softspoken					lord_1_45_1	阿格娜拉	Honor=1;Mercy=-1;Generosity=1;Calculating=-1	Egalitarian=1	exact
德拉恰_Dracha_togaroving_sturgia.persona.json	lord_2_17_1	德拉恰	Dracha	sturgia	sturgia	斯特吉亚	clan_sturgia_5	Togaroving	托加罗夫	1	lord_2_17	维杜尔	town_S7	雷维尔	31	1	curt					lord_2_17	维杜尔	Mercy=-1;Generosity=1		exact
德泰尔_derthert_dey_meroc_vlandia.persona.json	lord_4_1	德泰尔	Derthert	vlandia	vlandia	瓦兰迪亚	clan_vlandia_1	dey Meroc	戴·梅罗克	1	lord_4_1	德泰尔	town_V1	萨哥特	48	0	ironic					lord_4_2	菲利诺拉	Valor=-1;Mercy=1;Calculating=1		exact
忒斐罗斯_thephilos_comnos_empire_w.persona.json	lord_1_75	忒斐罗斯	Thephilos	empire	empire_w	西帝国	clan_empire_west_1	Comnos	科穆诺斯	1	lord_1_7	加里俄斯	town_EW2	泽翁尼卡	20	0	earnest	lord_1_7	加里俄斯					Mercy=-1;Calculating=1		exact
忒阿维索斯_Theavisos_vatatzes_empire_n.persona.json	lord_NE8_c1	忒阿维索斯	Theavisos	empire	empire	北帝国	clan_empire_north_8			1	lord_NE8_l	马利齐俄斯	castle_EN8	叙拉托斯堡	19	0	curt	lord_NE8_l	马利齐俄斯	lord_NE8_s	普拉敦提娅			Valor=-1;Honor=-1		exact
恩库里翁_Encurion_impestores_empire_n.persona.json	lord_1_20	恩库里翁	Encurion	empire	empire	北帝国	clan_empire_north_4			1	lord_1_20	恩库里翁	town_EN6	安普雷拉	28	0	softspoken							Mercy=-1		exact
恩泰里_Unthery_dey_arromanc_vlandia.persona.json	lord_4_5	恩泰里	Unthery	vlandia	vlandia	瓦兰迪亚	clan_vlandia_3	dey Arromanc	戴·阿罗曼克	1	lord_4_6	卡拉蒂尔德	town_V6	杰屈朗	44	0	earnest					lord_4_6	卡拉蒂尔德	Valor=1;Calculating=-1		exact
恰斯季米尔_Chastimir_kostoroving_sturgia.persona.json	lord_S9_u	恰斯季米尔	Chastimir	sturgia	sturgia	斯特吉亚	clan_sturgia_9	Kostoroving	科斯托罗夫	1	lord_S9_l	罗兰	castle_S4	克拉尼罗格堡	32	0	softspoken							Valor=1;Mercy=-1;Calculating=-1		exact
惕伦_Tilun_baltait_khuzait.persona.json	lord_6_18_1	惕伦	Tilun	khuzait	khuzait	库赛特	clan_khuzait_6	Baltait	巴鲁台特	1	lord_6_18	亦剌塔儿	castle_K6	迪纳尔堡	37	1	ironic					lord_6_18	亦剌塔儿	Honor=-1;Calculating=1		exact
戈敦_godun_vagiroving_sturgia.persona.json	lord_2_5	戈敦	Godun	sturgia	sturgia	斯特吉亚	clan_sturgia_3	Vagiroving	瓦吉罗夫	1	lord_2_5	戈敦	town_S5	蒂亚尔	50	0	softspoken					lord_2_6	埃尔塔	Valor=1;Calculating=1		exact
扎喀尼斯_Zachanis_julios_empire_s.persona.json	lord_1_74	扎喀尼斯	Zachanis	empire	empire_s	南帝国	clan_empire_south_5			1	lord_1_63	巴拉诺耳	town_ES7	席隆尼亚	30	0	softspoken					lord_1_74_1	泽娜	Honor=-1;Generosity=1;Calculating=1		exact
扎韦列娜_Zaverena_ormidoving_sturgia.persona.json	lord_2_14_2	扎韦列娜	Zaverena	sturgia	sturgia	斯特吉亚	clan_sturgia_4	Ormidoving	奥米多夫	1	lord_2_16	约里格	town_S4	瓦尔诺瓦波尔	18	1	earnest	lord_2_14	伊斯凡	lord_2_14_1	瓦尔卡娃			Calculating=-1		exact
托维尔_tovir_ubroving_sturgia.persona.json	lord_2_20	托维尔	Tovir	sturgia	sturgia	斯特吉亚	clan_sturgia_8	Ubroving	乌布罗夫	1	lord_2_20	托维尔	castle_S6	塔科尔堡	29	0	earnest					lord_2_20_1	基莎	Valor=1;Calculating=-1		exact
托耳瓦西斯_Torvasis_palladios_empire_w.persona.json	lord_WE9_u2	托耳瓦西斯	Torvasis	empire	empire_w	西帝国	clan_empire_west_9			1	lord_WE9_l	温坎提俄斯	castle_EW7	俄里斯托科律斯堡	37	0	curt					lord_WE9_u	欧蕾萨	Valor=-1;Honor=1;Generosity=-1		exact
托蒙德_Thomund_dey_arromanc_vlandia.persona.json	lord_4_9	托蒙德	Thomund	vlandia	vlandia	瓦兰迪亚	clan_vlandia_3	dey Arromanc	戴·阿罗曼克	1	lord_4_6	卡拉蒂尔德	town_V6	杰屈朗	23	0	earnest	lord_4_5	恩泰里	lord_4_6	卡拉蒂尔德			Valor=1;Generosity=1;Calculating=-1		exact
拉塔戈斯特_Ratagost_vezhoving_sturgia.persona.json	lord_2_15	拉塔戈斯特	Ratagost	sturgia	sturgia	斯特吉亚	clan_sturgia_7	Vezhoving	维若夫	1	lord_2_19	瓦舍尔基	castle_S5	奥夫堡	49	0	softspoken							Valor=-1;Mercy=1		exact
拉奇_Rath_fen_gruffendoc_battania.persona.json	lord_5_131	拉奇	Rath	battania	battania	巴旦尼亚	clan_battania_1	fen Gruffendoc	芬·格鲁芬多克	1	lord_5_1	卡拉多格	town_B1	马鲁纳斯	18	0	earnest	lord_5_13	明瑟					Valor=1		exact
拉桑_Lasand_dey_arromanc_vlandia.persona.json	lord_4_121	拉桑	Lasand	vlandia	vlandia	瓦兰迪亚	clan_vlandia_3	dey Arromanc	戴·阿罗曼克	1	lord_4_6	卡拉蒂尔德	town_V6	杰屈朗	19	0	ironic	lord_4_5	恩泰里	lord_4_6	卡拉蒂尔德			Valor=1;Honor=1;Mercy=1;Generosity=1		exact
拉瑙恩_Ranaon_fen_derngil_battania.persona.json	lord_5_3_1	拉瑙恩	Ranaon	battania	battania	巴旦尼亚	clan_battania_2	fen Derngil	芬·登吉尔	1	lord_5_3	埃尔贡	town_B2	邓格拉尼斯	18	1	ironic	lord_5_3	埃尔贡					Honor=1;Generosity=1;Calculating=1		exact
拉盖娅_rhagaea_pethros_empire_s.persona.json	lord_1_14	拉盖娅	Rhagaea	empire	empire_s	南帝国	clan_empire_south_1	Pethros	珀特洛斯	1	lord_1_14	拉盖娅	town_ES4	吕卡隆	42	1	softspoken							Generosity=1;Calculating=1	Authoritarian=1	exact
拉绍涅克_Lashonek_togaroving_sturgia.persona.json	lord_2_22	拉绍涅克	Lashonek	sturgia	sturgia	斯特吉亚	clan_sturgia_5	Togaroving	托加罗夫	1	lord_2_17	维杜尔	town_S7	雷维尔	29	0	softspoken					lord_2_22_1	热涅娃	Valor=-1;Honor=1;Calculating=1		exact
拉道古尔_Ladogual_fen_derngil_battania.persona.json	lord_5_3_2	拉道古尔	Ladogual	battania	battania	巴旦尼亚	clan_battania_2	fen Derngil	芬·登吉尔	1	lord_5_3	埃尔贡	town_B2	邓格拉尼斯	21	1	ironic							Valor=-1;Honor=-1;Generosity=1;Calculating=1		exact
拔该_bagai_khergit_khuzait.persona.json	lord_6_3	拔该	Bagai	khuzait	khuzait	库赛特	clan_khuzait_2	Khergit	库吉特	1	lord_6_4	墨速宜	town_K1	巴尔塔罕	52	0	ironic							Honor=1;Mercy=1;Generosity=1		exact
提莉安娜_Tyliana_dolentos_empire_n.persona.json	lord_1_1_14	提莉安娜	Tyliana	empire	empire	北帝国	clan_empire_north_5			1	lord_1_50	居福耳	town_EN5	密泽亚	25	1	softspoken					lord_1_50	居福耳	Mercy=-1;Calculating=1		exact
文得利娅_vendelia_comnos_empire_w.persona.json	lord_1_8	文得利娅	Vendelia	empire	empire_w	西帝国	clan_empire_west_1	Comnos	科穆诺斯	1	lord_1_7	加里俄斯	town_EW2	泽翁尼卡	47	1	curt					lord_1_7	加里俄斯	Honor=1;Generosity=-1		exact
斐诺里娅_Phenoria_argoros_empire_n.persona.json	lord_1_4	斐诺里娅	Phenoria	empire	empire	北帝国	clan_empire_north_2	Argoros	阿耳戈洛斯	1	lord_1_3	曼忒俄斯	town_EN1	厄庇克洛忒亚	53	1	curt					lord_1_3	曼忒俄斯	Honor=1;Mercy=1;Generosity=-1;Calculating=1		exact
斡剌古儿_Oragur_arkit_khuzait.persona.json	lord_6_15	斡剌古儿	Oragur	khuzait	khuzait	库赛特	clan_khuzait_3	Arkit	阿契特	1	lord_6_5	突剌格	town_K4	奥通加德	38	0	curt	dead_lord_6_3	库由格			lord_6_15_1	豁力真	Honor=1;Mercy=-1;Generosity=-1		exact
斤帖格_Kinteg_koltit_khuzait.persona.json	lord_6_23	斤帖格	Kinteg	khuzait	khuzait	库赛特	clan_khuzait_7	Koltit	阔勒帖特	1	lord_6_19	合努占	castle_K5	希木利堡	30	0	softspoken							Valor=1;Calculating=1		exact
斯瓦娜_svana_vagiroving_sturgia.persona.json	lord_2_12	斯瓦娜	Svana	sturgia	sturgia	斯特吉亚	clan_sturgia_3	Vagiroving	瓦吉罗夫	1	lord_2_5	戈敦	town_S5	蒂亚尔	22	1	curt	lord_2_5	戈敦	lord_2_6	埃尔塔			Valor=1;Honor=1		exact
斯维多恩_Svedorn_ormidoving_sturgia.persona.json	lord_2_21	斯维多恩	Svedorn	sturgia	sturgia	斯特吉亚	clan_sturgia_4	Ormidoving	奥米多夫	1	lord_2_16	约里格	town_S4	瓦尔诺瓦波尔	33	0	ironic					lord_2_21_1	伊兹登卡	Honor=1;Generosity=1;Calculating=-1		exact
明瑟_Muinser_fen_gruffendoc_battania.persona.json	lord_5_13	明瑟	Muinser	battania	battania	巴旦尼亚	clan_battania_1	fen Gruffendoc	芬·格鲁芬多克	1	lord_5_1	卡拉多格	town_B1	马鲁纳斯	37	0	earnest							Valor=1;Calculating=-1		exact
普拉敦提娅_Pradentia_vatatzes_empire_n.persona.json	lord_NE8_s	普拉敦提娅	Pradentia	empire	empire	北帝国	clan_empire_north_8			1	lord_NE8_l	马利齐俄斯	castle_EN8	叙拉托斯堡	38	1	earnest					lord_NE8_l	马利齐俄斯	Valor=1;Honor=1;Generosity=-1;Calculating=1		exact
普林多尔_pryndor_fen_morcar_battania.persona.json	lord_5_15	普林多尔	Pryndor	battania	battania	巴旦尼亚	clan_battania_7	fen Morcar	芬·莫卡尔	1	lord_5_15	普林多尔	castle_B2	拉诺克·亨堡	48	0	curt							Valor=1;Mercy=-1		exact
普雷西娅娜_Presciana_argoros_empire_n.persona.json	lord_1_1_5	普雷西娅娜	Presciana	empire	empire	北帝国	clan_empire_north_2	Argoros	阿耳戈洛斯	1	lord_1_3	曼忒俄斯	town_EN1	厄庇克洛忒亚	22	1	softspoken	lord_1_3	曼忒俄斯	lord_1_4	斐诺里娅			Honor=1;Mercy=1;Generosity=1		exact
曼忒俄斯_manteos_argoros_empire.persona.json	lord_1_3	曼忒俄斯	Manteos	empire	empire	北帝国	clan_empire_north_2	Argoros	阿耳戈洛斯	1	lord_1_3	曼忒俄斯	town_EN1	厄庇克洛忒亚	56	0	curt					lord_1_4	斐诺里娅	Honor=1;Mercy=1;Generosity=-1;Calculating=1	Oligarchic=1	exact
朗瓦德_raganvad_gundaroving_sturgia.persona.json	lord_2_1	朗瓦德	Raganvad	sturgia	sturgia	斯特吉亚	clan_sturgia_1	Gundaroving	贡达罗夫	1	lord_2_1	朗瓦德	town_S1	瓦尔切格	37	0	curt					lord_2_2	阿丝塔	Valor=1;Honor=-1;Mercy=-1;Generosity=-1;Calculating=1	Authoritarian=1	exact
朱蒂拉_Judira_banu_qild_aserai.persona.json	lord_3_20_1	朱蒂拉	Judira	aserai	aserai	阿塞莱	clan_aserai_3	Banu Qild	巴努·吉勒德	1	lord_3_5	泰伊斯	town_A5	胡比亚	35	1	softspoken					lord_3_20	喀里斯	Generosity=-1		exact
柏利托耳_Belithor_argoros_empire_n.persona.json	lord_1_42	柏利托耳	Belithor	empire	empire	北帝国	clan_empire_north_2	Argoros	阿耳戈洛斯	1	lord_1_3	曼忒俄斯	town_EN1	厄庇克洛忒亚	37	0	softspoken							Valor=1;Calculating=-1		exact
查士丁娜_Justina_chonis_empire_n.persona.json	lord_1_1_15	查士丁娜	Justina	empire	empire	北帝国	clan_empire_north_6			1	lord_1_51	尼卡索耳	castle_EN2	罗卡那堡	41	1	softspoken					lord_1_67	俄吕波斯	Mercy=1;Calculating=-1		exact
查士丁娜_Justina_hongeros_empire_s.persona.json	lord_1_30_1	查士丁娜	Justina	empire	empire_s	南帝国	clan_empire_south_4	Hongeros	翁革洛斯	1	lord_1_30	图里亚多斯	town_ES2	沃斯特鲁姆	23	1	curt					lord_1_30	图里亚多斯	Calculating=1	Authoritarian=1	exact
梅利迪尔_melidir_fen_uvain_battania.persona.json	lord_5_5	梅利迪尔	Melidir	battania	battania	巴旦尼亚	clan_battania_3	fen Uvain	芬·乌万	1	lord_5_5	梅利迪尔	town_B3	卡·班塞斯	48	0	softspoken					lord_5_6	阿尔凯娅	Valor=-1;Honor=-1;Generosity=1		exact
梅根赫尔达_Megenhelda_dey_tihr_vlandia.persona.json	lord_4_3_1	梅根赫尔达	Megenhelda	vlandia	vlandia	瓦兰迪亚	clan_vlandia_2	dey Tihr	戴·提哈	1	lord_4_3	阿尔德里克	town_V3	帕拉汶德	22	1	ironic	lord_4_3	阿尔德里克	lord_4_4	埃蒂尔德			Honor=-1;Generosity=1		exact
欧特洛庇俄斯_Eutropios_pethros_empire_s.persona.json	lord_1_27_2	欧特洛庇俄斯	Eutropios	empire	empire_s	南帝国	clan_empire_south_1	Pethros	珀特洛斯	1	lord_1_14	拉盖娅	town_ES4	吕卡隆	18	0	earnest	lord_1_27	帕堤耳	lord_1_27_1	维里娜			Mercy=-1;Calculating=1		exact
欧蕾萨_Euresa_palladios_empire_w.persona.json	lord_WE9_u	欧蕾萨	Euresa	empire	empire_w	西帝国	clan_empire_west_9			1	lord_WE9_l	温坎提俄斯	castle_EW7	俄里斯托科律斯堡	26	1	earnest					lord_WE9_u2	托耳瓦西斯	Generosity=1;Calculating=1	Egalitarian=1	exact
毛蕾阿斯_maireas_fen_caernacht_battania.persona.json	lord_B8_l	毛蕾阿斯	Maireas	battania	battania	巴旦尼亚	clan_battania_8	fen Caernacht	芬·凯尔纳奇	1	lord_B8_l	毛蕾阿斯	castle_B1	阿布·科梅尔堡	63	1	ironic					lord_B8_s	罗达拉克	Honor=-1;Mercy=-1;Generosity=1		exact
沃勒里克_Voleric_dey_rothad_vlandia.persona.json	lord_V11_u	沃勒里克	Voleric	vlandia	vlandia	瓦兰迪亚	clan_vlandia_11	dey Rothad	戴·洛塔德	1	lord_V11_l	伯里康	castle_V1	于桑克堡	46	0	curt							Honor=-1;Generosity=-1		exact
法丽娜_Farina_banu_qaraz_aserai.persona.json	lord_3_16_1	法丽娜	Farina	aserai	aserai	阿塞莱	clan_aserai_4	Banu Qaraz	巴努·卡拉兹	1	lord_3_16	苏鲁克	town_A3	以亚基斯	24	1	softspoken					lord_3_16	苏鲁克	Honor=-1;Calculating=1		exact
法冬_Phadon_neretzes_empire_n.persona.json	lord_1_6	法冬	Phadon	empire	empire	北帝国	clan_empire_north_3	Neretzes	涅雷采斯	1	lord_1_5	彭同	town_EN3	萨涅俄帕	19	0	earnest	lord_1_5	彭同	lord_1_1_7	许拉西娅娜			Valor=1;Generosity=0;Calculating=-1		exact
法戎_pharon_leonipardes_empire_s.persona.json	lord_1_15	法戎	Pharon	empire	empire_s	南帝国	clan_empire_south_2	Leonipardes	列奥尼帕得斯	1	lord_1_15	法戎	town_ES3	波罗斯	62	0	softspoken					lord_1_16	马耳提拉	Valor=-1;Honor=1;Generosity=1	Authoritarian=1	exact
法扎娜_Farzana_banu_atij_aserai.persona.json	lord_3_18_1	法扎娜	Farzana	aserai	aserai	阿塞莱	clan_aserai_6	Banu Atij	巴努·阿提吉	1	lord_3_18	塔拉斯	town_A8	加西拉	22	1	softspoken	lord_3_18	塔拉斯					Honor=1;Generosity=1		exact
法拉里萨_Phalarisa_argoros_empire_n.persona.json	lord_1_1_4	法拉里萨	Phalarisa	empire	empire	北帝国	clan_empire_north_2	Argoros	阿耳戈洛斯	1	lord_1_3	曼忒俄斯	town_EN1	厄庇克洛忒亚	32	1	softspoken					lord_1_42	柏利托耳	Mercy=1;Calculating=1		exact
法芬_fafen_isyaroving_sturgia.persona.json	lord_2_18	法芬	Fafen	sturgia	sturgia	斯特吉亚	clan_sturgia_6	Isyaroving	伊夏罗夫	1	lord_2_18	法芬	town_S6	西比尔	26	0	curt					lord_2_18_1	佐里卡	Valor=1;Mercy=-1;Calculating=1		exact
波庇利娅_Popilia_corenios_empire_w.persona.json	lord_1_73_1	波庇利娅	Popilia	empire	empire_w	西帝国	clan_empire_west_7			1	lord_1_53	阿喀俄斯	castle_EW5	维戎堡	31	1	softspoken					lord_1_73	俄瓦戈斯	Generosity=1		exact
波法利奥斯_Porfálios_serapides_empire_n.persona.json	lord_NE9_l	波法利奥斯	Porphalios	empire	empire	北帝国	clan_empire_north_9			1	lord_NE9_l	波法利奥斯	castle_EN3	雷索斯堡	51	0	ironic							Valor=-1;Generosity=-1		exact
泰伊斯_tais_banu_qild_aserai.persona.json	lord_3_5	泰伊斯	Tais	aserai	aserai	阿塞莱	clan_aserai_3	Banu Qild	巴努·吉勒德	1	lord_3_5	泰伊斯	town_A5	胡比亚	45	0	curt					lord_3_6	鲁玛	Honor=1;Mercy=-1;Generosity=-1;Calculating=1		exact
泽娜_Zena_julios_empire_s.persona.json	lord_1_74_1	泽娜	Zena	empire	empire_s	南帝国	clan_empire_south_5			1	lord_1_63	巴拉诺耳	town_ES7	席隆尼亚	30	1	curt					lord_1_74	扎喀尼斯	Calculating=1		exact
泽洛西卡_zerosica_osticos_empire.persona.json	lord_1_2	泽洛西卡	Zerosica	empire	empire	北帝国	clan_empire_north_1	Osticos	俄斯提科斯	1	lord_1_1	卢孔	town_EN2	狄亚特马	52	1	curt					lord_1_1	卢孔	Honor=1;Generosity=1		exact
洛达_Rhoda_neretzes_empire_n.persona.json	lord_1_1_10	洛达	Rhoda	empire	empire	北帝国	clan_empire_north_3	Neretzes	涅雷采斯	1	lord_1_5	彭同	town_EN3	萨涅俄帕	21	1	curt	lord_1_43	喀宋	lord_1_1_9	厄奥狄西娅			Mercy=-1		exact
济尤勒_Dhiyul_banu_hulyan_aserai.persona.json	lord_3_7	济尤勒	Dhiyul	aserai	aserai	阿塞莱	clan_aserai_1	Banu Hulyan	巴努·胡勒延	1	lord_3_1	温吉德	town_A1	古亚兹	24	0	earnest	lord_3_1	温吉德	lord_3_2	金达			Valor=-1;Mercy=1;Generosity=1;Calculating=-1		exact
济拉_Dhila_banu_ruwaid_aserai.persona.json	lord_A9_c	济拉	Dhila	aserai	aserai	阿塞莱	clan_aserai_9	Banu Ruwaid	巴努·鲁瓦	1	lord_A9_l	阿卡尔	castle_A9	巴里哈勒堡	19	1	curt	lord_A9_l	阿卡尔	lord_A9_s	锡卡			Generosity=-1		exact
涅摩斯_Nemos_comnos_empire_w.persona.json	lord_1_44	涅摩斯	Nemos	empire	empire_w	西帝国	clan_empire_west_1	Comnos	科穆诺斯	1	lord_1_7	加里俄斯	town_EW2	泽翁尼卡	38	0	curt							Honor=1;Mercy=-1		exact
涅斯堤斯_Nesthys_phalentes_empire_n.persona.json	lord_NE7_u	涅斯堤斯	Nesthys	empire	empire	北帝国	clan_empire_north_7			1	lord_1_58	塔叙诺耳	castle_EN7	厄毗诺萨堡	41	0	softspoken							Mercy=-1;Generosity=1;Calculating=1		exact
涅雷达_Nereida_lonalion_empire_w.persona.json	lord_1_45_3	涅雷达	Nereida	empire	empire_w	西帝国	clan_empire_west_5			1	lord_1_45	得斯波里翁	town_EW6	洛泰	18	1	softspoken	lord_1_45	得斯波里翁	lord_1_45_1	阿格娜拉			Generosity=1		exact
淮娅_Phaea_dionicos_empire_w.persona.json	lord_1_36	淮娅	Phaea	empire	empire_w	西帝国	clan_empire_west_3	Dionicos	狄俄尼科斯	1	lord_1_11	克洛托耳	town_EW1	拉革塔	20	1	ironic	lord_1_11	克洛托耳	lord_1_12	吕西卡			Honor=1		exact
温吉德_unqid_banu_hulyan_aserai.persona.json	lord_3_1	温吉德	Unqid	aserai	aserai	阿塞莱	clan_aserai_1	Banu Hulyan	巴努·胡勒延	1	lord_3_1	温吉德	town_A1	古亚兹	44	0	ironic					lord_3_2	金达	Valor=-1;Generosity=1;Calculating=1	Oligarchic=1	exact
温坎提俄斯_Vincântios_palladios_empire_w.persona.json	lord_WE9_l	温坎提俄斯	Vincantios	empire	empire_w	西帝国	clan_empire_west_9			1	lord_WE9_l	温坎提俄斯	castle_EW7	俄里斯托科律斯堡	24	0	curt							Valor=1;Generosity=-1;Calculating=-1		exact
热涅娃_Zheneva_togaroving_sturgia.persona.json	lord_2_22_1	热涅娃	Zheneva	sturgia	sturgia	斯特吉亚	clan_sturgia_5	Togaroving	托加罗夫	1	lord_2_17	维杜尔	town_S7	雷维尔	25	1	curt					lord_2_22	拉绍涅克	Valor=1;Honor=1;Calculating=1		exact
特弥翁_Temion_leonipardes_empire_s.persona.json	lord_1_28	特弥翁	Temion	empire	empire_s	南帝国	clan_empire_south_2	Leonipardes	列奥尼帕得斯	1	lord_1_15	法戎	town_ES3	波罗斯	25	0	earnest	lord_1_15	法戎	lord_1_16	马耳提拉			Valor=1;Honor=-1;Generosity=1;Calculating=1		exact
特甘_Tegan_fen_uvain_battania.persona.json	lord_5_91	特甘	Tegan	battania	battania	巴旦尼亚	clan_battania_3	fen Uvain	芬·乌万	1	lord_5_5	梅利迪尔	town_B3	卡·班塞斯	18	0	earnest	lord_5_5	梅利迪尔	lord_5_6	阿尔凯娅			Honor=1;Calculating=-1		exact
狄亚丝卡_Diasca_vetranis_empire_s.persona.json	lord_SE9_c2	狄亚丝卡	Diasca	empire	empire_s	南帝国	clan_empire_south_9			1	lord_SE9_l	萨特洛斯	castle_ES7	约格律斯堡	24	1	ironic	lord_SE9_l	萨特洛斯	lord_SE9_s	伊翁娜			Honor=1;Generosity=-1;Calculating=1	Authoritarian=1	exact
玛南_Manan_banu_qild_aserai.persona.json	lord_3_12	玛南	Manan	aserai	aserai	阿塞莱	clan_aserai_3	Banu Qild	巴努·吉勒德	1	lord_3_5	泰伊斯	town_A5	胡比亚	22	1	earnest	lord_3_5	泰伊斯	lord_3_6	鲁玛			Mercy=1;Calculating=1		exact
瓦密洛斯_Varmyros_maneolis_empire_w.persona.json	lord_WE8_u	瓦密洛斯	Varmyros	empire	empire_w	西帝国	clan_empire_west_8			1	lord_1_71	维彭	castle_EW6	赫托该亚堡	35	0	earnest							Generosity=1;Calculating=-1		exact
瓦尔卡娃_Valkava_ormidoving_sturgia.persona.json	lord_2_14_1	瓦尔卡娃	Valkava	sturgia	sturgia	斯特吉亚	clan_sturgia_4	Ormidoving	奥米多夫	1	lord_2_16	约里格	town_S4	瓦尔诺瓦波尔	38	1	earnest					lord_2_14	伊斯凡	Mercy=1;Calculating=1		exact
瓦尔坦_vartin_dey_jelind_vlandia.persona.json	lord_4_27	瓦尔坦	Vartin	vlandia	vlandia	瓦兰迪亚	clan_vlandia_9	dey Jelind	戴·热兰	1	lord_4_27	瓦尔坦	castle_V2	翁加尔堡	27	0	ironic					lord_4_27_1	利特加蒂斯	Valor=-1;Honor=-1;Generosity=-1		exact
瓦尔蒙德_Varmund_dey_valant_vlandia.persona.json	lord_4_20	瓦尔蒙德	Varmund	vlandia	vlandia	瓦兰迪亚	clan_vlandia_6	dey Valant	戴·瓦朗	1	lord_4_22	塞尔维克	town_V9	罗瓦尔	33	0	curt					lord_4_20_1	因格特鲁德	Valor=1;Mercy=-1;Calculating=1		exact
瓦弥那_Vamina_serapides_empire_n.persona.json	lord_NE9_d	瓦弥那	Vamina	empire	empire	北帝国	clan_empire_north_9			1	lord_NE9_l	波法利奥斯	castle_EN3	雷索斯堡	22	1	earnest	lord_NE9_l	波法利奥斯					Generosity=1;Calculating=1		exact
瓦拉里娅_Valaria_julios_empire_s.persona.json	lord_1_63_1	瓦拉里娅	Valaria	empire	empire_s	南帝国	clan_empire_south_5			1	lord_1_63	巴拉诺耳	town_ES7	席隆尼亚	32	1	curt					lord_1_63	巴拉诺耳	Calculating=1		exact
瓦舍尔基_vashorki_vezhoving_sturgia.persona.json	lord_2_19	瓦舍尔基	Vashorki	sturgia	sturgia	斯特吉亚	clan_sturgia_7	Vezhoving	维若夫	1	lord_2_19	瓦舍尔基	castle_S5	奥夫堡	33	0	ironic					lord_2_19_1	维托米拉	Valor=-1;Honor=-1;Mercy=-1;Generosity=1;Calculating=1		exact
瓦西利娅_Vasilia_pethros_empire_s.persona.json	lord_1_27_3	瓦西利娅	Vasilia	empire	empire_s	南帝国	clan_empire_south_1	Pethros	珀特洛斯	1	lord_1_14	拉盖娅	town_ES4	吕卡隆	18	1	earnest	lord_1_27	帕堤耳	lord_1_27_1	维里娜			Mercy=-1;Calculating=1		exact
瓦里亚西斯_Variasis_dolentos_empire_n.persona.json	lord_1_1_17	瓦里亚西斯	Variasis	empire	empire	北帝国	clan_empire_north_5			1	lord_1_50	居福耳	town_EN5	密泽亚	31	0	curt							Valor=-1;Honor=-1		exact
祖艾德_Zuad_banu_atij_aserai.persona.json	lord_3_18_3	祖艾德	Zuad	aserai	aserai	阿塞莱	clan_aserai_6	Banu Atij	巴努·阿提吉	1	lord_3_18	塔拉斯	town_A8	加西拉	18	1	ironic	lord_3_18	塔拉斯					Valor=1;Generosity=1;Calculating=-1		exact
祖莱卡_Zulaika_banu_sarmal_aserai.persona.json	lord_3_19_2	祖莱卡	Zulaika	aserai	aserai	阿塞莱	clan_aserai_7	Banu Sarmal	巴努·萨马勒	1	lord_3_19	奥赞	castle_A3	艾因·巴力克堡	22	1	curt	lord_3_19	奥赞	lord_3_19_1	萨勒玛			Honor=1;Generosity=-1;Calculating=1		exact
福斯托耳_Phostor_lonalion_empire_w.persona.json	lord_1_45_2	福斯托耳	Phostor	empire	empire_w	西帝国	clan_empire_west_5			1	lord_1_45	得斯波里翁	town_EW6	洛泰	19	0	earnest	lord_1_45	得斯波里翁	lord_1_45_1	阿格娜拉			Honor=1;Generosity=1		exact
福里姆_Forim_kostoroving_sturgia.persona.json	lord_S9_c	福里姆	Forim	sturgia	sturgia	斯特吉亚	clan_sturgia_9	Kostoroving	科斯托罗夫	1	lord_S9_l	罗兰	castle_S4	克拉尼罗格堡	29	0	earnest	lord_S9_l	罗兰					Mercy=1;Generosity=1;Calculating=-1		exact
科林_corein_fen_gruffendoc_battania.persona.json	lord_5_10	科林	Corein	battania	battania	巴旦尼亚	clan_battania_1	fen Gruffendoc	芬·格鲁芬多克	1	lord_5_1	卡拉多格	town_B1	马鲁纳斯	19	1	curt	lord_5_1	卡拉多格					Valor=1;Mercy=-1;Generosity=-1		exact
突剌格_tulag_arkit_khuzait.persona.json	lord_6_5	突剌格	Tulag	khuzait	khuzait	库赛特	clan_khuzait_3	Arkit	阿契特	1	lord_6_5	突剌格	town_K4	奥通加德	42	0	curt	dead_lord_6_3	库由格					Valor=-1;Generosity=-1		exact
米兰卡_Milanka_vezhoving_sturgia.persona.json	lord_2_15_2	米兰卡	Milanka	sturgia	sturgia	斯特吉亚	clan_sturgia_7	Vezhoving	维若夫	1	lord_2_19	瓦舍尔基	castle_S5	奥夫堡	21	1	softspoken	lord_2_15	拉塔戈斯特					Mercy=1		exact
米特拉_Mitela_dey_cortain_vlandia.persona.json	lord_4_16_1	米特拉	Mitela	vlandia	vlandia	瓦兰迪亚	clan_vlandia_4	dey Cortain	戴·科尔坦	1	lord_4_16	因加泰尔	town_V7	沙拉斯	18	1	softspoken	lord_4_16	因加泰尔	lord_4_17	埃尔蓓			Valor=1;Honor=1;Mercy=1;Generosity=1		exact
索拉_Sora_argoros_empire_n.persona.json	lord_1_32	索拉	Sora	empire	empire	北帝国	clan_empire_north_2	Argoros	阿耳戈洛斯	1	lord_1_3	曼忒俄斯	town_EN1	厄庇克洛忒亚	21	1	softspoken	lord_1_3	曼忒俄斯	lord_1_4	斐诺里娅			Honor=1;Mercy=1;Generosity=-1		exact
索法利娅_Sophalia_lonalion_empire_w.persona.json	lord_1_57_1	索法利娅	Sophalia	empire	empire_w	西帝国	clan_empire_west_5			1	lord_1_45	得斯波里翁	town_EW6	洛泰	24	1	curt					lord_1_57	阿尔忒诺斯	Mercy=1		exact
约戎_Joron_leonipardes_empire_s.persona.json	lord_1_48	约戎	Joron	empire	empire_s	南帝国	clan_empire_south_2	Leonipardes	列奥尼帕得斯	1	lord_1_15	法戎	town_ES3	波罗斯	39	0	earnest					lord_1_48_1	阿林匹娅	Valor=1;Mercy=1;Calculating=-1		exact
约里格_yorig_ormidoving_sturgia.persona.json	lord_2_16	约里格	Yorig	sturgia	sturgia	斯特吉亚	clan_sturgia_4	Ormidoving	奥米多夫	1	lord_2_16	约里格	town_S4	瓦尔诺瓦波尔	31	0	earnest					lord_2_16_1	佳斯卡	Valor=1;Mercy=-1;Calculating=-1		exact
纳延泰_Nayantai_khergit_khuzait.persona.json	lord_6_81	纳延泰	Nayantai	khuzait	khuzait	库赛特	clan_khuzait_2	Khergit	库吉特	1	lord_6_4	墨速宜	town_K1	巴尔塔罕	19	0	curt	dead_lord_6_2	岁仑	lord_6_4	墨速宜			Valor=1		exact
维彭_Vipon_maneolis_empire_w.persona.json	lord_1_71	维彭	Vipon	empire	empire_w	西帝国	clan_empire_west_8			1	lord_1_71	维彭	castle_EW6	赫托该亚堡	32	0	softspoken							Valor=1;Mercy=-1;Calculating=1		exact
维托米拉_Vitomira_vezhoving_sturgia.persona.json	lord_2_19_1	维托米拉	Vitomira	sturgia	sturgia	斯特吉亚	clan_sturgia_7	Vezhoving	维若夫	1	lord_2_19	瓦舍尔基	castle_S5	奥夫堡	22	1	softspoken					lord_2_19	瓦舍尔基	Honor=1		exact
维杜尔_vyldur_togaroving_sturgia.persona.json	lord_2_17	维杜尔	Vyldur	sturgia	sturgia	斯特吉亚	clan_sturgia_5	Togaroving	托加罗夫	1	lord_2_17	维杜尔	town_S7	雷维尔	32	0	softspoken					lord_2_17_1	德拉恰	Mercy=1;Generosity=1		exact
维涅兰达_Veneranda_argoros_empire_n.persona.json	lord_1_1_3	维涅兰达	Veneranda	empire	empire	北帝国	clan_empire_north_2	Argoros	阿耳戈洛斯	1	lord_1_3	曼忒俄斯	town_EN1	厄庇克洛忒亚	18	1	ironic					lord_1_22	安德洛斯	Honor=1;Mercy=-1;Generosity=-1		exact
维维安娜_Viviana_prienicos_empire_s.persona.json	lord_1_72_1	维维安娜	Viviana	empire	empire_s	南帝国	clan_empire_south_8			1	lord_1_72	阿巴吕托斯	castle_ES5	摩雷尼亚堡	31	1	softspoken					lord_1_72	阿巴吕托斯	Generosity=1		exact
维苏茵_Wythuin_fen_uvain_battania.persona.json	lord_5_12	维苏茵	Wythuin	battania	battania	巴旦尼亚	clan_battania_3	fen Uvain	芬·乌万	1	lord_5_5	梅利迪尔	town_B3	卡·班塞斯	25	1	earnest	lord_5_5	梅利迪尔	lord_5_6	阿尔凯娅			Honor=-1;Generosity=1;Calculating=1		exact
维达尔_Vidar_gundaroving_sturgia.persona.json	lord_2_13	维达尔	Vidar	sturgia	sturgia	斯特吉亚	clan_sturgia_1	Gundaroving	贡达罗夫	1	lord_2_1	朗瓦德	town_S1	瓦尔切格	52	0	earnest							Valor=1;Generosity=1;Calculating=-1		exact
维里娜_Verina_pethros_empire_s.persona.json	lord_1_27_1	维里娜	Verina	empire	empire_s	南帝国	clan_empire_south_1	Pethros	珀特洛斯	1	lord_1_14	拉盖娅	town_ES4	吕卡隆	37	1	softspoken					lord_1_27	帕堤耳	Mercy=1		exact
罗兰_rolan_kostoroving_sturgia.persona.json	lord_S9_l	罗兰	Rolan	sturgia	sturgia	斯特吉亚	clan_sturgia_9	Kostoroving	科斯托罗夫	1	lord_S9_l	罗兰	castle_S4	克拉尼罗格堡	52	0	ironic			lord_S9_m	达希拉			Honor=-1;Generosity=-1;Calculating=1	Oligarchic=1	exact
罗日沃尔_Rozhivol_kuloving_sturgia.persona.json	lord_2_111	罗日沃尔	Rozhivol	sturgia	sturgia	斯特吉亚	clan_sturgia_2	Kuloving	库洛夫	1	lord_2_3	奥列克	town_S3	奥莫尔	18	0	softspoken	lord_2_3	奥列克					Valor=1;Generosity=1;Calculating=1		exact
罗蒙德_Romund_dey_meroc_vlandia.persona.json	lord_4_13	罗蒙德	Romund	vlandia	vlandia	瓦兰迪亚	clan_vlandia_1	dey Meroc	戴·梅罗克	1	lord_4_1	德泰尔	town_V1	萨哥特	35	0	earnest							Valor=1		exact
罗达拉克_Rodarac_fen_caernacht_battania.persona.json	lord_B8_s	罗达拉克	Rodarac	battania	battania	巴旦尼亚	clan_battania_8	fen Caernacht	芬·凯尔纳奇	1	lord_B8_l	毛蕾阿斯	castle_B1	阿布·科梅尔堡	61	0	curt					lord_B8_l	毛蕾阿斯	Mercy=-1;Calculating=-1		exact
肖娜格_Seonag_fen_morcar_battania.persona.json	lord_5_18_1	肖娜格	Seonag	battania	battania	巴旦尼亚	clan_battania_7	fen Morcar	芬·莫卡尔	1	lord_5_15	普林多尔	castle_B2	拉诺克·亨堡	22	1	curt					lord_5_18	布兰诺克	Valor=1;Honor=1		exact
芝诺_Zeno_leonipardes_empire_s.persona.json	lord_1_155	芝诺	Zeno	empire	empire_s	南帝国	clan_empire_south_2	Leonipardes	列奥尼帕得斯	1	lord_1_15	法戎	town_ES3	波罗斯	18	0	ironic	lord_1_15	法戎	lord_1_16	马耳提拉			Honor=1;Generosity=1	Authoritarian=1	exact
苏凯娜_Sukayna_banu_sarmal_aserai.persona.json	lord_3_23_1	苏凯娜	Sukayna	aserai	aserai	阿塞莱	clan_aserai_7	Banu Sarmal	巴努·萨马勒	1	lord_3_19	奥赞	castle_A3	艾因·巴力克堡	22	1	earnest					lord_3_23	卡欣	Honor=1;Generosity=-1;Calculating=1		exact
苏哈娜_Sulhana_banu_sarmal_aserai.persona.json	lord_3_19_3	苏哈娜	Sulhana	aserai	aserai	阿塞莱	clan_aserai_7	Banu Sarmal	巴努·萨马勒	1	lord_3_19	奥赞	castle_A3	艾因·巴力克堡	20	1	softspoken	lord_3_19	奥赞	lord_3_19_1	萨勒玛			Valor=-1;Honor=1		exact
苏娜_Suna_banu_habbab_aserai.persona.json	lord_3_22_2	苏娜	Suna	aserai	aserai	阿塞莱	clan_aserai_8	Banu Habbab	巴努·哈巴卜	1	lord_3_22	哈珊	castle_A8	坦姆努堡	19	1	ironic	lord_3_22	哈珊	lord_3_22_1	亚米娜			Mercy=-1;Generosity=1		exact
苏萨达_Susada_osticos_empire_n.persona.json	lord_1_1_1	苏萨达	Susada	empire	empire	北帝国	clan_empire_north_1	Osticos	俄斯提科斯	1	lord_1_1	卢孔	town_EN2	狄亚特马	32	1	ironic					lord_1_41	阿科耳	Honor=-1;Mercy=1;Generosity=1;Calculating=1		exact
苏鲁克_suruq_banu_qaraz_aserai.persona.json	lord_3_16	苏鲁克	Suruq	aserai	aserai	阿塞莱	clan_aserai_4	Banu Qaraz	巴努·卡拉兹	1	lord_3_16	苏鲁克	town_A3	以亚基斯	28	0	softspoken					lord_3_16_1	法丽娜	Valor=-1;Honor=-1;Calculating=1		exact
茜尔文_Silvind_dey_arromanc_vlandia.persona.json	lord_4_12	茜尔文	Silvind	vlandia	vlandia	瓦兰迪亚	clan_vlandia_3	dey Arromanc	戴·阿罗曼克	1	lord_4_6	卡拉蒂尔德	town_V6	杰屈朗	24	1	ironic	lord_4_5	恩泰里	lord_4_6	卡拉蒂尔德			Valor=1;Mercy=-1;Calculating=1		exact
莉亚欣_Liasin_fen_giall_battania.persona.json	lord_5_16_1	莉亚欣	Liasin	battania	battania	巴旦尼亚	clan_battania_5	fen Giall	芬·吉尔	1	lord_5_16	埃隆	town_B5	彭·坎诺克	35	1	ironic					lord_5_16	埃隆	Mercy=-1;Calculating=1		exact
莉耶娜_Liena_dey_tihr_vlandia.persona.json	lord_4_11	莉耶娜	Liena	vlandia	vlandia	瓦兰迪亚	clan_vlandia_2	dey Tihr	戴·提哈	1	lord_4_3	阿尔德里克	town_V3	帕拉汶德	24	1	earnest	lord_4_3	阿尔德里克	lord_4_4	埃蒂尔德			Valor=1;Honor=1;Mercy=1;Generosity=1		exact
莫尔孔_Morcon_dey_meroc_vlandia.persona.json	lord_4_14	莫尔孔	Morcon	vlandia	vlandia	瓦兰迪亚	clan_vlandia_1	dey Meroc	戴·梅罗克	1	lord_4_1	德泰尔	town_V1	萨哥特	28	0	curt	lord_4_1	德泰尔	lord_4_2	菲利诺拉			Valor=-1;Honor=1;Generosity=-1		exact
莫里亚娜_Mauriana_dey_folcun_vlandia.persona.json	lord_4_28_2	莫里亚娜	Mauriana	vlandia	vlandia	瓦兰迪亚	clan_vlandia_10	dey Folcun	戴·佛尔坎	1	lord_4_28	埃卡朗	castle_V4	奥曼法德堡	18	1	curt	lord_4_28	埃卡朗					Mercy=-1;Generosity=1;Calculating=1		exact
菲利诺拉_philenora_dey_meroc_vlandia.persona.json	lord_4_2	菲利诺拉	Philenora	vlandia	vlandia	瓦兰迪亚	clan_vlandia_1	dey Meroc	戴·梅罗克	1	lord_4_1	德泰尔	town_V1	萨哥特	47	1	ironic					lord_4_1	德泰尔	Honor=1;Mercy=1		exact
萨勒玛_Salma_banu_sarmal_aserai.persona.json	lord_3_19_1	萨勒玛	Salma	aserai	aserai	阿塞莱	clan_aserai_7	Banu Sarmal	巴努·萨马勒	1	lord_3_19	奥赞	castle_A3	艾因·巴力克堡	46	1	softspoken					lord_3_19	奥赞	Honor=-1;Generosity=1;Calculating=1		exact
萨姆扎_Thamza_banu_qaraz_aserai.persona.json	lord_3_14	萨姆扎	Thamza	aserai	aserai	阿塞莱	clan_aserai_4	Banu Qaraz	巴努·卡拉兹	1	lord_3_16	苏鲁克	town_A3	以亚基斯	47	0	softspoken					lord_3_14_1	萨赛莎	Honor=1;Calculating=1		exact
萨尼翁_Sanion_mestricaros_empire_s.persona.json	lord_1_29	萨尼翁	Sanion	empire	empire_s	南帝国	clan_empire_south_3	Mestricaros	墨斯特里卡洛斯	1	lord_1_17	俄洛斯	town_ES1	达努斯提卡	23	0	earnest	lord_1_17	俄洛斯	lord_1_18	雅忒娅			Valor=1;Mercy=1;Calculating=-1		exact
萨拉提斯_Saratis_sorados_empire_w.persona.json	lord_1_52	萨拉提斯	Saratis	empire	empire_w	西帝国	clan_empire_west_6			1	lord_1_52	萨拉提斯	castle_EW8	革耳塞戈斯堡	36	0	ironic					lord_1_52_1	弥那耳维娜	Valor=-1;Generosity=1;Calculating=1		exact
萨特洛斯_Satros_vetranis_empire_s.persona.json	lord_SE9_l	萨特洛斯	Satros	empire	empire_s	南帝国	clan_empire_south_9			1	lord_SE9_l	萨特洛斯	castle_ES7	约格律斯堡	58	0	ironic					lord_SE9_s	伊翁娜	Valor=-1;Generosity=1		exact
萨赛莎_Sasaitha_banu_qaraz_aserai.persona.json	lord_3_14_1	萨赛莎	Sasaitha	aserai	aserai	阿塞莱	clan_aserai_4	Banu Qaraz	巴努·卡拉兹	1	lord_3_16	苏鲁克	town_A3	以亚基斯	25	1	softspoken					lord_3_14	萨姆扎	Calculating=1		exact
蒂尔谢_Taorse_fen_eingal_battania.persona.json	lord_5_21_2	蒂尔谢	Taorse	battania	battania	巴旦尼亚	clan_battania_6	fen Eingal	芬·埃因加尔	1	lord_5_17	阿拉德维尔	castle_B3	德鲁伊莫尔堡	18	1	softspoken	lord_5_21	卡费德	lord_5_21_1	贝阿塔格			Honor=1		exact
蒙楚格_monchug_urkhunait_khuzait.persona.json	lord_6_1	蒙楚格	Monchug	khuzait	khuzait	库赛特	clan_khuzait_1	Urkhunait	兀儿浑乃特	1	lord_6_1	蒙楚格	town_K3	马凯布	38	0	curt					lord_6_2	阿那特	Honor=-1;Mercy=-1;Generosity=1;Calculating=-1	Authoritarian=1	exact
西加_siga_kuloving_sturgia.persona.json	lord_2_4	西加	Siga	sturgia	sturgia	斯特吉亚	clan_sturgia_2	Kuloving	库洛夫	1	lord_2_3	奥列克	town_S3	奥莫尔	41	1	curt	dead_lord_2_1	“年长的”奥列克					Valor=1;Honor=1;Mercy=-1;Generosity=-1;Calculating=-1		exact
西喀尼斯_Sicânis_vizartos_empire_s.persona.json	lord_1_54	西喀尼斯	Sichanis	empire	empire_s	南帝国	clan_empire_south_6			1	lord_1_54	西喀尼斯	town_ES6	费卡翁	28	0	ironic					lord_1_54_1	君士塔莉娅	Mercy=-1;Calculating=1		exact
西尔维娜_Silvina_vizartos_empire_s.persona.json	lord_1_68_1	西尔维娜	Silvina	empire	empire_s	南帝国	clan_empire_south_6			1	lord_1_54	西喀尼斯	town_ES6	费卡翁	23	1	curt					lord_1_68	塔洛斯	Valor=1		exact
西拉_Sira_banu_hulyan_aserai.persona.json	lord_3_13_1	西拉	Sira	aserai	aserai	阿塞莱	clan_aserai_1	Banu Hulyan	巴努·胡勒延	1	lord_3_1	温吉德	town_A1	古亚兹	37	1	softspoken					lord_3_13	努卡尔	Honor=1		exact
西米尔_Simir_gundaroving_sturgia.persona.json	lord_2_7	西米尔	Simir	sturgia	sturgia	斯特吉亚	clan_sturgia_1	Gundaroving	贡达罗夫	1	lord_2_1	朗瓦德	town_S1	瓦尔切格	18	0	earnest	lord_2_1	朗瓦德	lord_2_2	阿丝塔			Mercy=-1;Generosity=-1		exact
许拉西娅娜_Hylasiana_neretzes_empire_n.persona.json	lord_1_1_7	许拉西娅娜	Hylasiana	empire	empire	北帝国	clan_empire_north_3	Neretzes	涅雷采斯	1	lord_1_5	彭同	town_EN3	萨涅俄帕	46	1	curt					lord_1_5	彭同	Mercy=-1;Generosity=1;Calculating=1		exact
谢玛_Shaima_banu_arbas_aserai.persona.json	lord_3_17_1	谢玛	Shaima	aserai	aserai	阿塞莱	clan_aserai_5	Banu Arbas	巴努·阿巴斯	1	lord_3_17	伊亚拉斯	town_A7	阿斯凯尔	26	1	curt					lord_3_17	伊亚拉斯	Mercy=1		exact
豁力真_Khorijin_arkit_khuzait.persona.json	lord_6_15_1	豁力真	Khorijin	khuzait	khuzait	库赛特	clan_khuzait_3	Arkit	阿契特	1	lord_6_5	突剌格	town_K4	奥通加德	37	1	ironic					lord_6_15	斡剌古儿	Honor=1		exact
贝尔吉尔_belgir_dey_fortes_vlandia.persona.json	lord_4_23	贝尔吉尔	Belgir	vlandia	vlandia	瓦兰迪亚	clan_vlandia_7	dey Fortes	戴·佛特斯	1	lord_4_23	贝尔吉尔	town_V2	奥克斯·霍尔	44	0	curt							Mercy=-1;Generosity=-1;Calculating=-1		exact
贝特林_Beitrin_fen_morcar_battania.persona.json	lord_5_15_2	贝特林	Beitrin	battania	battania	巴旦尼亚	clan_battania_7	fen Morcar	芬·莫卡尔	1	lord_5_15	普林多尔	castle_B2	拉诺克·亨堡	19	0	curt	lord_5_15	普林多尔					Valor=-1;Honor=-1;Generosity=-1		exact
贝特莉安娜_Bertliana_dey_gunric_vlandia.persona.json	lord_4_25_1	贝特莉安娜	Bertliana	vlandia	vlandia	瓦兰迪亚	clan_vlandia_5	dey Gunric	戴·贡里克	1	lord_4_21	奥斯皮尔	castle_V5	蒂尔比堡	22	1	earnest					lord_4_25	卢康	Honor=1		exact
贝阿塔格_Beathag_fen_eingal_battania.persona.json	lord_5_21_1	贝阿塔格	Beathag	battania	battania	巴旦尼亚	clan_battania_6	fen Eingal	芬·埃因加尔	1	lord_5_17	阿拉德维尔	castle_B3	德鲁伊莫尔堡	38	1	softspoken					lord_5_21	卡费德	Honor=1		exact
费亚拉德_Fiarad_fen_penraic_battania.persona.json	lord_5_22	费亚拉德	Fiarad	battania	battania	巴旦尼亚	clan_battania_4	fen Penraic	芬·潘拉克	1	lord_5_14	卢伊汉	town_B4	肖农	33	0	curt							Honor=1;Generosity=-1		exact
费恩哈尔_Furnhard_dey_tihr_vlandia.persona.json	lord_4_8	费恩哈尔	Furnhard	vlandia	vlandia	瓦兰迪亚	clan_vlandia_2	dey Tihr	戴·提哈	1	lord_4_3	阿尔德里克	town_V3	帕拉汶德	26	0	ironic	lord_4_3	阿尔德里克	lord_4_4	埃蒂尔德			Valor=-1;Honor=-1;Mercy=-1;Generosity=-1		exact
费纳甘_Fenagan_fen_penraic_battania.persona.json	lord_5_19	费纳甘	Fenagan	battania	battania	巴旦尼亚	clan_battania_4	fen Penraic	芬·潘拉克	1	lord_5_14	卢伊汉	town_B4	肖农	24	0	earnest							Valor=1;Honor=1;Mercy=1;Calculating=-1		exact
赖因加达_Reingarda_dey_molarn_vlandia.persona.json	lord_4_26_1	赖因加达	Reingarda	vlandia	vlandia	瓦兰迪亚	clan_vlandia_8	dey Molarn	戴·莫拉恩	1	lord_4_24	赫卡尔	town_V8	奥斯蒂港	21	1	softspoken							Valor=-1;Mercy=1;Generosity=-1		exact
赫卡尔_hecard_dey_molarn_vlandia.persona.json	lord_4_24	赫卡尔	Hecard	vlandia	vlandia	瓦兰迪亚	clan_vlandia_8	dey Molarn	戴·莫拉恩	1	lord_4_24	赫卡尔	town_V8	奥斯蒂港	47	0	curt					lord_4_24_1	阿达特鲁德	Valor=1;Mercy=-1;Generosity=1		exact
辞成_Sechen_arkit_khuzait.persona.json	lord_6_15_2	辞成	Sechen	khuzait	khuzait	库赛特	clan_khuzait_3	Arkit	阿契特	1	lord_6_5	突剌格	town_K4	奥通加德	18	1	ironic	lord_6_15	斡剌古儿	lord_6_15_1	豁力真			Honor=-1;Generosity=-1		exact
辞温_Sevin_oburit_khuzait.persona.json	lord_K9_s	辞温	Sevin	khuzait	khuzait	库赛特	clan_khuzait_9	Oburit	斡不力特	1	lord_K9_l	古速坎	castle_K8	埃泽努尔堡	48	1	earnest					lord_K9_l	古速坎	Honor=1		exact
达希拉_Dakhila_kostoroving_sturgia.persona.json	lord_S9_m	达希拉	Dakhila	sturgia	sturgia	斯特吉亚	clan_sturgia_9	Kostoroving	科斯托罗夫	1	lord_S9_l	罗兰	castle_S4	克拉尼罗格堡	73	1	curt							Valor=1;Generosity=-1	Oligarchic=1	exact
达思鲁儿_taslur_yanserit_khuzait.persona.json	lord_6_20	达思鲁儿	Taslur	khuzait	khuzait	库赛特	clan_khuzait_8	Yanserit	颜赛力特	1	lord_6_20	达思鲁儿	castle_K3	哈坤堡	30	0	ironic					lord_6_20_1	吉固	Honor=-1;Mercy=-1;Generosity=1;Calculating=1		exact
达甘尼克_Dagunic_dey_rothad_vlandia.persona.json	lord_V11_c2	达甘尼克	Dagunic	vlandia	vlandia	瓦兰迪亚	clan_vlandia_11	dey Rothad	戴·洛塔德	1	lord_V11_l	伯里康	castle_V1	于桑克堡	19	0	earnest	lord_V11_l	伯里康					Generosity=1;Calculating=-1		exact
速兰_Suran_tigrit_khuzait.persona.json	lord_6_6	速兰	Suran	khuzait	khuzait	库赛特	clan_khuzait_4	Tigrit	帖克力特	1	lord_6_16	呼鲁那格	town_K2	阿克卡拉特		0	curt							Valor=-1;Generosity=-1		exact
那得娅_nadea_comnos_empire_w.persona.json	lord_1_34	那得娅	Nadea	empire	empire_w	西帝国	clan_empire_west_1	Comnos	科穆诺斯	1	lord_1_7	加里俄斯	town_EW2	泽翁尼卡	24	1	earnest	lord_1_7	加里俄斯	lord_1_8	文得利娅			Valor=1;Generosity=1		exact
里谢尔达_Richelda_dey_fortes_vlandia.persona.json	lord_4_23_1	里谢尔达	Richelda	vlandia	vlandia	瓦兰迪亚	clan_vlandia_7	dey Fortes	戴·佛特斯	1	lord_4_23	贝尔吉尔	town_V2	奥克斯·霍尔	24	1	curt	lord_4_23	贝尔吉尔					Mercy=-1;Generosity=-1;Calculating=-1		exact
金达_jinda_banu_hulyan_aserai.persona.json	lord_3_2	金达	Jinda	aserai	aserai	阿塞莱	clan_aserai_1	Banu Hulyan	巴努·胡勒延	1	lord_3_1	温吉德	town_A1	古亚兹	45	1	curt					lord_3_1	温吉德	Mercy=-1;Generosity=-1;Calculating=-1		exact
锁合台_Sokhatai_koltit_khuzait.persona.json	lord_6_19_1	锁合台	Sokhatai	khuzait	khuzait	库赛特	clan_khuzait_7	Koltit	阔勒帖特	1	lord_6_19	合努占	castle_K5	希木利堡	40	1	curt					lord_6_19	合努占	Honor=1		exact
锡卡_Thiqa_banu_ruwaid_aserai.persona.json	lord_A9_s	锡卡	Thiqa	aserai	aserai	阿塞莱	clan_aserai_9	Banu Ruwaid	巴努·鲁瓦	1	lord_A9_l	阿卡尔	castle_A9	巴里哈勒堡	42	1	earnest					lord_A9_l	阿卡尔	Honor=1		exact
门格斯_Mengus_fen_gruffendoc_battania.persona.json	lord_5_7	门格斯	Mengus	battania	battania	巴旦尼亚	clan_battania_1	fen Gruffendoc	芬·格鲁芬多克	1	lord_5_1	卡拉多格	town_B1	马鲁纳斯	20	0	earnest	lord_5_1	卡拉多格					Valor=1;Mercy=-1		exact
阿丝塔_asta_gundaroving_sturgia.persona.json	lord_2_2	阿丝塔	Asta	sturgia	sturgia	斯特吉亚	clan_sturgia_1	Gundaroving	贡达罗夫	1	lord_2_1	朗瓦德	town_S1	瓦尔切格	37	1	earnest					lord_2_1	朗瓦德	Honor=1;Generosity=1		exact
阿丽真_Alijin_urkhunait_khuzait.persona.json	lord_6_10	阿丽真	Alijin	khuzait	khuzait	库赛特	clan_khuzait_1	Urkhunait	兀儿浑乃特	1	lord_6_1	蒙楚格	town_K3	马凯布	18	1	softspoken	lord_6_1	蒙楚格	lord_6_2	阿那特			Generosity=-1;Calculating=1		exact
阿克鲁木_akrum_harfit_khuzait.persona.json	lord_6_17	阿克鲁木	Akrum	khuzait	khuzait	库赛特	clan_khuzait_5	Harfit	合儿必特	1	lord_6_17	阿克鲁木	town_K6	奥多赫	36	0	ironic					lord_6_17_1	额儿格捏	Valor=-1;Generosity=1;Calculating=1		exact
阿勒涂_Altu_oburit_khuzait.persona.json	lord_K9_c1	阿勒涂	Altu	khuzait	khuzait	库赛特	clan_khuzait_9	Oburit	斡不力特	1	lord_K9_l	古速坎	castle_K8	埃泽努尔堡	24	0	earnest	lord_K9_l	古速坎	lord_K9_s	辞温			Valor=1;Calculating=-1		exact
阿卡尔_aqar_banu_ruwaid_aserai.persona.json	lord_A9_l	阿卡尔	Aqar	aserai	aserai	阿塞莱	clan_aserai_9	Banu Ruwaid	巴努·鲁瓦	1	lord_A9_l	阿卡尔	castle_A9	巴里哈勒堡	43	0	earnest					lord_A9_s	锡卡	Valor=1;Mercy=-1;Generosity=1;Calculating=-1		exact
阿喀俄斯_Áquios_corenios_empire_w.persona.json	lord_1_53	阿喀俄斯	Achios	empire	empire_w	西帝国	clan_empire_west_7			1	lord_1_53	阿喀俄斯	castle_EW5	维戎堡	25	0	ironic							Mercy=-1;Generosity=1	Egalitarian=1	exact
阿察库_Achaku_baltait_khuzait.persona.json	lord_6_22	阿察库	Achaku	khuzait	khuzait	库赛特	clan_khuzait_6	Baltait	巴鲁台特	1	lord_6_18	亦剌塔儿	castle_K6	迪纳尔堡	30	0	curt					lord_6_22_1	额色楞	Valor=1;Mercy=-1;Generosity=-1		exact
阿尔凯娅_Alcaea_fen_uvain_battania.persona.json	lord_5_6	阿尔凯娅	Alcaea	battania	battania	巴旦尼亚	clan_battania_3	fen Uvain	芬·乌万	1	lord_5_5	梅利迪尔	town_B3	卡·班塞斯	46	1	softspoken					lord_5_5	梅利迪尔	Valor=-1		exact
阿尔塔蒙德_Arthamund_dey_cortain_vlandia.persona.json	lord_4_181	阿尔塔蒙德	Arthamund	vlandia	vlandia	瓦兰迪亚	clan_vlandia_4	dey Cortain	戴·科尔坦	1	lord_4_16	因加泰尔	town_V7	沙拉斯	19	0	curt	lord_4_16	因加泰尔	lord_4_17	埃尔蓓			Valor=1;Generosity=1		exact
阿尔德里克_aldric_dey_tihr_vlandia.persona.json	lord_4_3	阿尔德里克	Aldric	vlandia	vlandia	瓦兰迪亚	clan_vlandia_2	dey Tihr	戴·提哈	1	lord_4_3	阿尔德里克	town_V3	帕拉汶德	45	0	ironic					lord_4_4	埃蒂尔德	Valor=-1;Generosity=-1		exact
阿尔忒诺斯_Altenos_lonalion_empire_w.persona.json	lord_1_57	阿尔忒诺斯	Altenos	empire	empire_w	西帝国	clan_empire_west_5			1	lord_1_45	得斯波里翁	town_EW6	洛泰	25	0	earnest					lord_1_57_1	索法利娅	Valor=1;Generosity=1	Egalitarian=1	exact
阿尔瓦_arwa_banu_sarran_aserai.persona.json	lord_3_11	阿尔瓦	Arwa	aserai	aserai	阿塞莱	clan_aserai_2	Banu Sarran	巴努·萨兰	1	lord_3_3	阿德拉姆	town_A4	拉齐赫	22	1	ironic	lord_3_3	阿德拉姆	lord_3_4	马拉			Valor=1;Honor=-1;Generosity=1	Egalitarian=1	exact
阿尔瓦尔_Alvar_togaroving_sturgia.persona.json	lord_2_24	阿尔瓦尔	Alvar	sturgia	sturgia	斯特吉亚	clan_sturgia_5	Togaroving	托加罗夫	1	lord_2_17	维杜尔	town_S7	雷维尔	29	0	ironic					lord_2_24_1	佐里娜	Valor=-1;Honor=-1;Calculating=1		exact
阿尔维特_Alwith_dey_valant_vlandia.persona.json	lord_4_22_1	阿尔维特	Alwith	vlandia	vlandia	瓦兰迪亚	clan_vlandia_6	dey Valant	戴·瓦朗	1	lord_4_22	塞尔维克	town_V9	罗瓦尔	27	1	softspoken					lord_4_22	塞尔维克	Valor=-1;Honor=-1		exact
阿巴吕托斯_Abalito_prienicos_empire_s.persona.json	lord_1_72	阿巴吕托斯	Abalytos	empire	empire_s	南帝国	clan_empire_south_8			1	lord_1_72	阿巴吕托斯	castle_ES5	摩雷尼亚堡	33	0	softspoken					lord_1_72_1	维维安娜	Valor=1;Generosity=1		exact
阿巴该_abagai_arkit_khuzait.persona.json	lord_6_12	阿巴该	Abagai	khuzait	khuzait	库赛特	clan_khuzait_3	Arkit	阿契特	1	lord_6_5	突剌格	town_K4	奥通加德	23	1	ironic	lord_6_5	突剌格					Valor=1;Calculating=-1		exact
阿希莎_Ashisa_banu_arbas_aserai.persona.json	lord_3_21_1	阿希莎	Ashisa	aserai	aserai	阿塞莱	clan_aserai_5	Banu Arbas	巴努·阿巴斯	1	lord_3_17	伊亚拉斯	town_A7	阿斯凯尔	25	1	earnest					lord_3_21	乌海	Honor=1;Generosity=-1		exact
阿庇斯_apys_varros_empire_w.persona.json	lord_1_9	阿庇斯	Apys	empire	empire_w	西帝国	clan_empire_west_2	Varros	瓦罗斯	1	lord_1_9	阿庇斯	town_EW4	俄耳堤西亚	57	0	ironic					lord_1_10	墨尔刻娅	Valor=-1;Honor=-1;Mercy=-1;Generosity=-1;Calculating=1		exact
阿律塔_Arytha_sorados_empire_w.persona.json	lord_1_62_1	阿律塔	Arytha	empire	empire_w	西帝国	clan_empire_west_6			1	lord_1_52	萨拉提斯	castle_EW8	革耳塞戈斯堡	35	1	softspoken					lord_1_62	塞亚戎	Honor=-1;Generosity=1		exact
阿得里刻娅_Adrichea_argoros_empire_n.persona.json	lord_1_1_6	阿得里刻娅	Adrichea	empire	empire	北帝国	clan_empire_north_2	Argoros	阿耳戈洛斯	1	lord_1_3	曼忒俄斯	town_EN1	厄庇克洛忒亚	19	1	softspoken	lord_1_3	曼忒俄斯	lord_1_4	斐诺里娅			Honor=-1;Mercy=-1;Generosity=-1		exact
阿德拉姆_adram_banu_sarran_aserai.persona.json	lord_3_3	阿德拉姆	Adram	aserai	aserai	阿塞莱	clan_aserai_2	Banu Sarran	巴努·萨兰	1	lord_3_3	阿德拉姆	town_A4	拉齐赫	49	0	ironic					lord_3_4	马拉	Generosity=1;Calculating=1		exact
阿拉德维尔_aradwyr_fen_eingal_battania.persona.json	lord_5_17	阿拉德维尔	Aradwyr	battania	battania	巴旦尼亚	clan_battania_6	fen Eingal	芬·埃因加尔	1	lord_5_17	阿拉德维尔	castle_B3	德鲁伊莫尔堡	24	0	ironic					lord_5_17_1	布丽甘	Valor=-1;Honor=-1;Mercy=1;Calculating=1		exact
阿拉里_alary_dey_meroc_vlandia.persona.json	lord_4_7	阿拉里	Alary	vlandia	vlandia	瓦兰迪亚	clan_vlandia_1	dey Meroc	戴·梅罗克	1	lord_4_1	德泰尔	town_V1	萨哥特	26	0	earnest	lord_4_1	德泰尔	lord_4_2	菲利诺拉			Mercy=-1;Generosity=-1;Calculating=1		exact
阿斯居戎_Ascyron_osticos_empire_n.persona.json	lord_1_21	阿斯居戎	Ascyron	empire	empire	北帝国	clan_empire_north_1	Osticos	俄斯提科斯	1	lord_1_1	卢孔	town_EN2	狄亚特马	28	0	earnest	lord_1_1	卢孔	lord_1_2	泽洛西卡			Valor=1;Honor=1;Mercy=-1		exact
阿林匹娅_Alympia_leonipardes_empire_s.persona.json	lord_1_48_1	阿林匹娅	Alympia	empire	empire_s	南帝国	clan_empire_south_2	Leonipardes	列奥尼帕得斯	1	lord_1_15	法戎	town_ES3	波罗斯	31	1	curt					lord_1_48	约戎	Mercy=1		exact
阿格娜忒亚_Agnathea_impestores_empire_n.persona.json	lord_1_1_13	阿格娜忒亚	Agnathea	empire	empire	北帝国	clan_empire_north_4			1	lord_1_20	恩库里翁	town_EN6	安普雷拉	24	1	softspoken					lord_1_64	弥隆	Calculating=1		exact
阿格娜拉_Agnala_lonalion_empire_w.persona.json	lord_1_45_1	阿格娜拉	Agnala	empire	empire_w	西帝国	clan_empire_west_5			1	lord_1_45	得斯波里翁	town_EW6	洛泰	38	1	earnest					lord_1_45	得斯波里翁	Honor=1;Generosity=1		exact
阿波吕忒娅_Apolytea_neretzes_empire_n.persona.json	lord_1_1_8	阿波吕忒娅	Apolytea	empire	empire	北帝国	clan_empire_north_3	Neretzes	涅雷采斯	1	lord_1_5	彭同	town_EN3	萨涅俄帕	22	1	earnest	lord_1_5	彭同	lord_1_1_7	许拉西娅娜			Generosity=1		exact
阿波拉涅娅_Apolanea_kuloving_sturgia.persona.json	lord_2_4_1	阿波拉涅娅	Apolanea	sturgia	sturgia	斯特吉亚	clan_sturgia_2	Kuloving	库洛夫	1	lord_2_3	奥列克	town_S3	奥莫尔	21	1	ironic			lord_2_4	西加			Valor=1;Honor=1;Mercy=-1;Generosity=-1;Calculating=1		exact
阿琳妮丝_Alynneth_fen_derngil_battania.persona.json	lord_5_11	阿琳妮丝	Alynneth	battania	battania	巴旦尼亚	clan_battania_2	fen Derngil	芬·登吉尔	1	lord_5_3	埃尔贡	town_B2	邓格拉尼斯	19	1	softspoken	lord_5_3	埃尔贡					Mercy=1;Generosity=1		exact
阿瑟拉_Asela_dey_cortain_vlandia.persona.json	lord_4_19	阿瑟拉	Asela	vlandia	vlandia	瓦兰迪亚	clan_vlandia_4	dey Cortain	戴·科尔坦	1	lord_4_16	因加泰尔	town_V7	沙拉斯	22	1	earnest	lord_4_16	因加泰尔	lord_4_17	埃尔蓓			Calculating=-1		exact
阿科耳_Arcor_osticos_empire_n.persona.json	lord_1_41	阿科耳	Arcor	empire	empire	北帝国	clan_empire_north_1	Osticos	俄斯提科斯	1	lord_1_1	卢孔	town_EN2	狄亚特马	50	0	curt					lord_1_1_1	苏萨达	Mercy=-1;Generosity=-1		exact
阿莫孔_Amorcon_dey_meroc_vlandia.persona.json	lord_4_141	阿莫孔	Amorcon	vlandia	vlandia	瓦兰迪亚	clan_vlandia_1	dey Meroc	戴·梅罗克	1	lord_4_1	德泰尔	town_V1	萨哥特	18	0	curt	lord_4_1	德泰尔	lord_4_2	菲利诺拉			Honor=1;Generosity=-1		exact
阿达斯_Addas_banu_sarran_aserai.persona.json	lord_3_8	阿达斯	Addas	aserai	aserai	阿塞莱	clan_aserai_2	Banu Sarran	巴努·萨兰	1	lord_3_3	阿德拉姆	town_A4	拉齐赫	24	0	ironic	lord_3_3	阿德拉姆	lord_3_4	马拉			Valor=1;Honor=-1;Generosity=1;Calculating=-1	Egalitarian=1	exact
阿达特鲁德_Adaltrud_dey_molarn_vlandia.persona.json	lord_4_24_1	阿达特鲁德	Adaltrud	vlandia	vlandia	瓦兰迪亚	clan_vlandia_8	dey Molarn	戴·莫拉恩	1	lord_4_24	赫卡尔	town_V8	奥斯蒂港	45	1	softspoken					lord_4_24	赫卡尔	Mercy=-1;Generosity=1		exact
阿达琳迪斯_Adalindis_dey_folcun_vlandia.persona.json	lord_4_28_1	阿达琳迪斯	Adalindis	vlandia	vlandia	瓦兰迪亚	clan_vlandia_10	dey Folcun	戴·佛尔坎	1	lord_4_28	埃卡朗	castle_V4	奥曼法德堡	20	1	curt	lord_4_28	埃卡朗					Mercy=1		exact
阿那特_Anat_urkhunait_khuzait.persona.json	lord_6_2	阿那特	Anat	khuzait	khuzait	库赛特	clan_khuzait_1	Urkhunait	兀儿浑乃特	1	lord_6_1	蒙楚格	town_K3	马凯布	39	1	earnest					lord_6_1	蒙楚格	Valor=1;Mercy=1		exact
阿门农_Amenon_varros_empire_w.persona.json	lord_1_35	阿门农	Amenon	empire	empire_w	西帝国	clan_empire_west_2	Varros	瓦罗斯	1	lord_1_9	阿庇斯	town_EW4	俄耳堤西亚	38	0	softspoken							Valor=1;Generosity=1;Calculating=-1		exact
阿雷莉安娜_Areliana_avlonos_empire_s.persona.json	lord_1_69_1	阿雷莉安娜	Areliana	empire	empire_s	南帝国	clan_empire_south_7			1	lord_1_55	塞兰冬	castle_ES3	墨利翁堡	28	1	earnest					lord_1_69	尼丰	Generosity=1;Calculating=-1		exact
阿马利娅娜_Amaliana_neretzes_empire_n.persona.json	lord_1_1_11	阿马利娅娜	Amaliana	empire	empire	北帝国	clan_empire_north_3	Neretzes	涅雷采斯	1	lord_1_5	彭同	town_EN3	萨涅俄帕	20	1	curt	lord_1_43	喀宋	lord_1_1_9	厄奥狄西娅			Mercy=1		exact
阿马尔甘_Amalgun_dey_cortain_vlandia.persona.json	lord_4_18	阿马尔甘	Amalgun	vlandia	vlandia	瓦兰迪亚	clan_vlandia_4	dey Cortain	戴·科尔坦	1	lord_4_16	因加泰尔	town_V7	沙拉斯	21	0	ironic	lord_4_16	因加泰尔	lord_4_17	埃尔蓓			Valor=1;Honor=-1;Mercy=-1;Generosity=1;Calculating=1		exact
雅忒娅_Jathea_mestricaros_empire_s.persona.json	lord_1_18	雅忒娅	Jathea	empire	empire_s	南帝国	clan_empire_south_3	Mestricaros	墨斯特里卡洛斯	1	lord_1_17	俄洛斯	town_ES1	达努斯提卡	48	1	curt					lord_1_17	俄洛斯	Valor=-1;Generosity=-1	Authoritarian=1	exact
雅斯提翁_Jastion_varros_empire_w.persona.json	lord_1_23	雅斯提翁	Jastion	empire	empire_w	西帝国	clan_empire_west_2	Varros	瓦罗斯	1	lord_1_9	阿庇斯	town_EW4	俄耳堤西亚	26	0	earnest	lord_1_9	阿庇斯	lord_1_10	墨尔刻娅			Valor=1;Calculating=-1		exact
雅那_yana_khergit_khuzait.persona.json	lord_6_11	雅那	Yana	khuzait	khuzait	库赛特	clan_khuzait_2	Khergit	库吉特	1	lord_6_4	墨速宜	town_K1	巴尔塔罕	22	1	curt	dead_lord_6_2	岁仑	lord_6_4	墨速宜			Valor=1;Mercy=-1;Calculating=1		exact
霍诺拉图斯_Honoratus_mestricaros_empire_s.persona.json	lord_1_177	霍诺拉图斯	Honoratus	empire	empire_s	南帝国	clan_empire_south_3	Mestricaros	墨斯特里卡洛斯	1	lord_1_17	俄洛斯	town_ES1	达努斯提卡	19	0	curt	lord_1_17	俄洛斯	lord_1_18	雅忒娅			Calculating=-1		exact
革耳马娜_Germana_vatatzes_empire_n.persona.json	lord_1_56_1	革耳马娜	Germana	empire	empire	北帝国	clan_empire_north_8			1	lord_NE8_l	马利齐俄斯	castle_EN8	叙拉托斯堡	37	1	curt					lord_1_56	塞拉诺耳			exact
额儿格捏_Ergene_harfit_khuzait.persona.json	lord_6_17_1	额儿格捏	Ergene	khuzait	khuzait	库赛特	clan_khuzait_5	Harfit	合儿必特	1	lord_6_17	阿克鲁木	town_K6	奥多赫	34	1	ironic					lord_6_17	阿克鲁木	Calculating=1		exact
额撒彻_Esachei_harfit_khuzait.persona.json	lord_6_21_1	额撒彻	Esachei	khuzait	khuzait	库赛特	clan_khuzait_5	Harfit	合儿必特	1	lord_6_17	阿克鲁木	town_K6	奥多赫	20	1	earnest					lord_6_21	乌勒曼	Calculating=1		exact
额色楞_Eselen_baltait_khuzait.persona.json	lord_6_22_1	额色楞	Eselen	khuzait	khuzait	库赛特	clan_khuzait_6	Baltait	巴鲁台特	1	lord_6_18	亦剌塔儿	castle_K6	迪纳尔堡	22	1	softspoken					lord_6_22	阿察库	Honor=1;Generosity=1		exact
额速儿_Esur_khergit_khuzait.persona.json	lord_6_8	额速儿	Esur	khuzait	khuzait	库赛特	clan_khuzait_2	Khergit	库吉特	1	lord_6_4	墨速宜	town_K1	巴尔塔罕	22	0	ironic	dead_lord_6_2	岁仑	lord_6_4	墨速宜			Valor=1;Generosity=1		exact
马利齐俄斯_Marítzios_vatatzes_empire_n.persona.json	lord_NE8_l	马利齐俄斯	Maritzios	empire	empire	北帝国	clan_empire_north_8			1	lord_NE8_l	马利齐俄斯	castle_EN8	叙拉托斯堡	46	0	earnest					lord_NE8_s	普拉敦提娅	Honor=1;Generosity=-1;Calculating=1		exact
马拉_Maraa_banu_sarran_aserai.persona.json	lord_3_4	马拉	Maraa	aserai	aserai	阿塞莱	clan_aserai_2	Banu Sarran	巴努·萨兰	1	lord_3_3	阿德拉姆	town_A4	拉齐赫	45	1	ironic					lord_3_3	阿德拉姆	Honor=1;Generosity=1		exact
马耳提拉_Martira_leonipardes_empire_s.persona.json	lord_1_16	马耳提拉	Martira	empire	empire_s	南帝国	clan_empire_south_2	Leonipardes	列奥尼帕得斯	1	lord_1_15	法戎	town_ES3	波罗斯	50	1	softspoken					lord_1_15	法戎	Valor=-1;Generosity=-1		exact
鲁玛_Ruma_banu_qild_aserai.persona.json	lord_3_6	鲁玛	Ruma	aserai	aserai	阿塞莱	clan_aserai_3	Banu Qild	巴努·吉勒德	1	lord_3_5	泰伊斯	town_A5	胡比亚	41	1	curt					lord_3_5	泰伊斯	Honor=1;Generosity=-1		exact
